<?xml version="1.0" encoding="UTF-8"?>
<!DOCTYPE mapper PUBLIC "-//mybatis.org//DTD Mapper 3.0//EN" "http://mybatis.org/dtd/mybatis-3-mapper.dtd">
<mapper namespace="com.gdcdgj.charging.api.mapper.AssetsConnectorMapper">

    <!-- 通用查询映射结果 -->
    <resultMap id="BaseResultMap" type="com.gdcdgj.charging.api.entity.AssetsConnector">
        <id column="id" property="id" />
        <result column="serial_no" property="serialNo" />
        <result column="code" property="code" />
        <result column="name" property="name" />
        <result column="status" property="status" />
        <result column="park_num" property="parkNum" />
        <result column="port_type" property="portType" />
        <result column="lock_code" property="lockCode" />
        <result column="connect_status" property="connectStatus" />
        <result column="city_id" property="cityId" />
        <result column="company_id" property="companyId" />
        <result column="manager_id" property="managerId" />
        <result column="pile_id" property="pileId" />
        <result column="station_id" property="stationId" />
    </resultMap>

    <!-- 通用查询结果列 -->
    <sql id="Base_Column_List">
        id, serial_no, code, name, status, park_num, port_type, lock_code, connect_status, city_id, company_id, manager_id, pile_id, station_id
    </sql>

</mapper>
