<?xml version="1.0" encoding="UTF-8"?>
<!DOCTYPE mapper PUBLIC "-//mybatis.org//DTD Mapper 3.0//EN" "http://mybatis.org/dtd/mybatis-3-mapper.dtd">
<mapper namespace="com.gdcdgj.charging.api.mapper.AssetsCityMapper">

    <!-- 通用查询映射结果 -->
    <resultMap id="BaseResultMap" type="com.gdcdgj.charging.api.entity.AssetsCity">
        <id column="id" property="id" />
        <result column="name" property="name" />
        <result column="code" property="code" />
        <result column="level" property="level" />
        <result column="latitude" property="latitude" />
        <result column="longitude" property="longitude" />
        <result column="is_enabled" property="isEnabled" />
        <result column="weight" property="weight" />
        <result column="parent" property="parent" />
        <result column="path_code" property="pathCode" />
        <result column="path_name" property="pathName" />
        <result column="is_created" property="isCreated" />
        <result column="create_time" property="createTime" />
        <result column="creater_id" property="createrId" />
        <result column="manager_id" property="managerId" />
    </resultMap>

    <!-- 通用查询结果列 -->
    <sql id="Base_Column_List">
        id, name, code, level, latitude, longitude, is_enabled, weight, parent, path_code, path_name, is_created, create_time, creater_id, manager_id
    </sql>

</mapper>
