<?xml version="1.0" encoding="UTF-8"?>
<!DOCTYPE mapper PUBLIC "-//mybatis.org//DTD Mapper 3.0//EN" "http://mybatis.org/dtd/mybatis-3-mapper.dtd">
<mapper namespace="com.gdcdgj.charging.api.mapper.AssetsPilewarninginfoMapper">

    <!-- 通用查询映射结果 -->
    <resultMap id="BaseResultMap" type="com.gdcdgj.charging.api.entity.AssetsPilewarninginfo">
        <id column="id" property="id" />
        <result column="code" property="code" />
        <result column="produce_time" property="produceTime" />
        <result column="level" property="level" />
        <result column="duty_type" property="dutyType" />
        <result column="hitch_type" property="hitchType" />
        <result column="content" property="content" />
        <result column="is_recovered" property="isRecovered" />
        <result column="recover_time" property="recoverTime" />
        <result column="company_id" property="companyId" />
        <result column="connector_id" property="connectorId" />
        <result column="pile_id" property="pileId" />
        <result column="station_id" property="stationId" />
    </resultMap>

    <!-- 通用查询结果列 -->
    <sql id="Base_Column_List">
        id, code, produce_time, level, duty_type, hitch_type, content, is_recovered, recover_time, company_id, connector_id, pile_id, station_id
    </sql>

</mapper>
