<?xml version="1.0" encoding="UTF-8"?>
<!DOCTYPE mapper PUBLIC "-//mybatis.org//DTD Mapper 3.0//EN" "http://mybatis.org/dtd/mybatis-3-mapper.dtd">
<mapper namespace="com.gdcdgj.charging.api.mapper.AssetsStationsMapper">

    <!-- 通用查询映射结果 -->
    <resultMap id="BaseResultMap" type="com.gdcdgj.charging.api.entity.AssetsStations">
        <id column="id" property="id" />
        <result column="name" property="name" />
        <result column="code" property="code" />
        <result column="address" property="address" />
        <result column="ext_address" property="extAddress" />
        <result column="latitude" property="latitude" />
        <result column="longitude" property="longitude" />
        <result column="service_phone" property="servicePhone" />
        <result column="city_code" property="cityCode" />
        <result column="cooperation_type" property="cooperationType" />
        <result column="property_management_company" property="propertyManagementCompany" />
        <result column="create_time" property="createTime" />
        <result column="is_enabled" property="isEnabled" />
        <result column="disable_time" property="disableTime" />
        <result column="is_deleted" property="isDeleted" />
        <result column="delete_reason" property="deleteReason" />
        <result column="delete_time" property="deleteTime" />
        <result column="park_nums" property="parkNums" />
        <result column="pile_nums" property="pileNums" />
        <result column="connector_nums" property="connectorNums" />
        <result column="property_label" property="propertyLabel" />
        <result column="park_fee_type" property="parkFeeType" />
        <result column="park_fee_desc" property="parkFeeDesc" />
        <result column="memo" property="memo" />
        <result column="city_id" property="cityId" />
        <result column="company_id" property="companyId" />
        <result column="creater_id" property="createrId" />
        <result column="deleter_id" property="deleterId" />
        <result column="manager_id" property="managerId" />
    </resultMap>

    <!-- 通用查询结果列 -->
    <sql id="Base_Column_List">
        id, name, code, address, ext_address, latitude, longitude, service_phone, city_code, cooperation_type, property_management_company, create_time, is_enabled, disable_time, is_deleted, delete_reason, delete_time, park_nums, pile_nums, connector_nums, property_label, park_fee_type, park_fee_desc, memo, city_id, company_id, creater_id, deleter_id, manager_id
    </sql>

</mapper>
