<?xml version="1.0" encoding="UTF-8"?>
<!DOCTYPE mapper PUBLIC "-//mybatis.org//DTD Mapper 3.0//EN" "http://mybatis.org/dtd/mybatis-3-mapper.dtd">
<mapper namespace="com.gdcdgj.charging.api.mapper.AssetsStationbusinesshoursMapper">

    <!-- 通用查询映射结果 -->
    <resultMap id="BaseResultMap" type="com.gdcdgj.charging.api.entity.AssetsStationbusinesshours">
        <id column="id" property="id" />
        <result column="weekday" property="weekday" />
        <result column="start_time" property="startTime" />
        <result column="end_time" property="endTime" />
        <result column="station_id" property="stationId" />
    </resultMap>

    <!-- 通用查询结果列 -->
    <sql id="Base_Column_List">
        id, weekday, start_time, end_time, station_id
    </sql>

</mapper>
