<?xml version="1.0" encoding="UTF-8"?>
<!DOCTYPE mapper PUBLIC "-//mybatis.org//DTD Mapper 3.0//EN" "http://mybatis.org/dtd/mybatis-3-mapper.dtd">
<mapper namespace="com.gdcdgj.charging.api.mapper.AssetsStationchargingpriceMapper">

    <!-- 通用查询映射结果 -->
    <resultMap id="BaseResultMap" type="com.gdcdgj.charging.api.entity.AssetsStationchargingprice">
        <id column="id" property="id" />
        <result column="is_default" property="isDefault" />
        <result column="is_enabled" property="isEnabled" />
        <result column="start_time" property="startTime" />
        <result column="end_time" property="endTime" />
        <result column="create_time" property="createTime" />
        <result column="update_time" property="updateTime" />
        <result column="create_by_id" property="createById" />
        <result column="price_id" property="priceId" />
        <result column="station_id" property="stationId" />
        <result column="update_by_id" property="updateById" />
    </resultMap>

    <!-- 通用查询结果列 -->
    <sql id="Base_Column_List">
        id, is_default, is_enabled, start_time, end_time, create_time, update_time, create_by_id, price_id, station_id, update_by_id
    </sql>

</mapper>
