<?xml version="1.0" encoding="UTF-8"?>
<!DOCTYPE mapper PUBLIC "-//mybatis.org//DTD Mapper 3.0//EN" "http://mybatis.org/dtd/mybatis-3-mapper.dtd">
<mapper namespace="com.gdcdgj.charging.api.mapper.AssetsPilewarningdispatchrecordMapper">

    <!-- 通用查询映射结果 -->
    <resultMap id="BaseResultMap" type="com.gdcdgj.charging.api.entity.AssetsPilewarningdispatchrecord">
        <id column="id" property="id" />
        <result column="create_time" property="createTime" />
        <result column="is_closed" property="isClosed" />
        <result column="close_reasion" property="closeReasion" />
        <result column="close_time" property="closeTime" />
        <result column="create_by_id" property="createById" />
        <result column="warning_order_id" property="warningOrderId" />
    </resultMap>

    <!-- 通用查询结果列 -->
    <sql id="Base_Column_List">
        id, create_time, is_closed, close_reasion, close_time, create_by_id, warning_order_id
    </sql>

</mapper>
