<?xml version="1.0" encoding="UTF-8"?>
<!DOCTYPE mapper PUBLIC "-//mybatis.org//DTD Mapper 3.0//EN" "http://mybatis.org/dtd/mybatis-3-mapper.dtd">
<mapper namespace="com.gdcdgj.charging.api.mapper.AssetsPileupgraderecordMapper">

    <!-- 通用查询映射结果 -->
    <resultMap id="BaseResultMap" type="com.gdcdgj.charging.api.entity.AssetsPileupgraderecord">
        <id column="id" property="id" />
        <result column="current_version" property="currentVersion" />
        <result column="is_success" property="isSuccess" />
        <result column="update_time" property="updateTime" />
        <result column="station_id" property="stationId" />
        <result column="update_by_id" property="updateById" />
    </resultMap>

    <!-- 通用查询结果列 -->
    <sql id="Base_Column_List">
        id, current_version, is_success, update_time, station_id, update_by_id
    </sql>

</mapper>
