<?xml version="1.0" encoding="UTF-8"?>
<!DOCTYPE mapper PUBLIC "-//mybatis.org//DTD Mapper 3.0//EN" "http://mybatis.org/dtd/mybatis-3-mapper.dtd">
<mapper namespace="com.gdcdgj.charging.api.mapper.AssetsChargingpileMapper">

    <!-- 通用查询映射结果 -->
    <resultMap id="BaseResultMap" type="com.gdcdgj.charging.api.entity.AssetsChargingpile">
        <id column="id" property="id" />
        <result column="code" property="code" />
        <result column="is_enabled" property="isEnabled" />
        <result column="is_online" property="isOnline" />
        <result column="equipment_model" property="equipmentModel" />
        <result column="equipment_code" property="equipmentCode" />
        <result column="production_date" property="productionDate" />
        <result column="equipment_type" property="equipmentType" />
        <result column="connector_number" property="connectorNumber" />
        <result column="batch" property="batch" />
        <result column="batch_total" property="batchTotal" />
        <result column="rated_voltage_upper" property="ratedVoltageUpper" />
        <result column="rated_voltage_bottom" property="ratedVoltageBottom" />
        <result column="rated_current" property="ratedCurrent" />
        <result column="rated_power" property="ratedPower" />
        <result column="total_chargingorder_nums" property="totalChargingorderNums" />
        <result column="total_charging_time" property="totalChargingTime" />
        <result column="total_charging_quantity" property="totalChargingQuantity" />
        <result column="total_price" property="totalPrice" />
        <result column="create_time" property="createTime" />
        <result column="update_time" property="updateTime" />
        <result column="city_id" property="cityId" />
        <result column="company_id" property="companyId" />
        <result column="create_by_id" property="createById" />
        <result column="manager_id" property="managerId" />
        <result column="provider_id" property="providerId" />
        <result column="station_id" property="stationId" />
        <result column="update_by_id" property="updateById" />
        <result column="version_id" property="versionId" />
    </resultMap>

    <!-- 通用查询结果列 -->
    <sql id="Base_Column_List">
        id, code, is_enabled, is_online, equipment_model, equipment_code, production_date, equipment_type, connector_number, batch, batch_total, rated_voltage_upper, rated_voltage_bottom, rated_current, rated_power, total_chargingorder_nums, total_charging_time, total_charging_quantity, total_price, create_time, update_time, city_id, company_id, create_by_id, manager_id, provider_id, station_id, update_by_id, version_id
    </sql>

</mapper>
