<?xml version="1.0" encoding="UTF-8"?>
<!DOCTYPE mapper PUBLIC "-//mybatis.org//DTD Mapper 3.0//EN" "http://mybatis.org/dtd/mybatis-3-mapper.dtd">
<mapper namespace="com.gdcdgj.charging.api.mapper.CaptchaCaptchastoreMapper">

    <!-- 通用查询映射结果 -->
    <resultMap id="BaseResultMap" type="com.gdcdgj.charging.api.entity.CaptchaCaptchastore">
        <id column="id" property="id" />
        <result column="challenge" property="challenge" />
        <result column="response" property="response" />
        <result column="hashkey" property="hashkey" />
        <result column="expiration" property="expiration" />
    </resultMap>

    <!-- 通用查询结果列 -->
    <sql id="Base_Column_List">
        id, challenge, response, hashkey, expiration
    </sql>

</mapper>
