<?xml version="1.0" encoding="UTF-8"?>
<!DOCTYPE mapper PUBLIC "-//mybatis.org//DTD Mapper 3.0//EN" "http://mybatis.org/dtd/mybatis-3-mapper.dtd">
<mapper namespace="com.gdcdgj.charging.api.mapper.ConfigurationChargingpriceMapper">

    <!-- 通用查询映射结果 -->
    <resultMap id="BaseResultMap" type="com.gdcdgj.charging.api.entity.ConfigurationChargingprice">
        <id column="id" property="id" />
        <result column="name" property="name" />
        <result column="description" property="description" />
        <result column="level" property="level" />
        <result column="is_enabled" property="isEnabled" />
        <result column="is_flat_fee" property="isFlatFee" />
        <result column="is_service_flat_fee" property="isServiceFlatFee" />
        <result column="charging_price" property="chargingPrice" />
        <result column="service_price" property="servicePrice" />
        <result column="peaks_charging_price" property="peaksChargingPrice" />
        <result column="peaks_service_price" property="peaksServicePrice" />
        <result column="normal_charging_price" property="normalChargingPrice" />
        <result column="normal_service_price" property="normalServicePrice" />
        <result column="valleys_charging_price" property="valleysChargingPrice" />
        <result column="valleys_service_price" property="valleysServicePrice" />
        <result column="create_time" property="createTime" />
        <result column="update_time" property="updateTime" />
        <result column="create_by_id" property="createById" />
        <result column="update_by_id" property="updateById" />
    </resultMap>

    <!-- 通用查询结果列 -->
    <sql id="Base_Column_List">
        id, name, description, level, is_enabled, is_flat_fee, is_service_flat_fee, charging_price, service_price, peaks_charging_price, peaks_service_price, normal_charging_price, normal_service_price, valleys_charging_price, valleys_service_price, create_time, update_time, create_by_id, update_by_id
    </sql>

</mapper>
