<?xml version="1.0" encoding="UTF-8"?>
<!DOCTYPE mapper PUBLIC "-//mybatis.org//DTD Mapper 3.0//EN" "http://mybatis.org/dtd/mybatis-3-mapper.dtd">
<mapper namespace="com.gdcdgj.charging.api.mapper.ConfigurationEquipmentcodeMapper">

    <!-- 通用查询映射结果 -->
    <resultMap id="BaseResultMap" type="com.gdcdgj.charging.api.entity.ConfigurationEquipmentcode">
        <id column="id" property="id" />
        <result column="customize_level" property="customizeLevel" />
        <result column="customize_duty" property="customizeDuty" />
        <result column="customize_hitch" property="customizeHitch" />
        <result column="category" property="category" />
        <result column="is_byte_code" property="isByteCode" />
        <result column="code" property="code" />
        <result column="byte_no" property="byteNo" />
        <result column="byte_position" property="bytePosition" />
        <result column="name" property="name" />
        <result column="description" property="description" />
        <result column="provider_id" property="providerId" />
    </resultMap>

    <!-- 通用查询结果列 -->
    <sql id="Base_Column_List">
        id, customize_level, customize_duty, customize_hitch, category, is_byte_code, code, byte_no, byte_position, name, description, provider_id
    </sql>

</mapper>
