<?xml version="1.0" encoding="UTF-8"?>
<!DOCTYPE mapper PUBLIC "-//mybatis.org//DTD Mapper 3.0//EN" "http://mybatis.org/dtd/mybatis-3-mapper.dtd">
<mapper namespace="com.gdcdgj.charging.api.mapper.ConfigurationPasswordpolicyMapper">

    <!-- 通用查询映射结果 -->
    <resultMap id="BaseResultMap" type="com.gdcdgj.charging.api.entity.ConfigurationPasswordpolicy">
        <id column="id" property="id" />
        <result column="length_min" property="lengthMin" />
        <result column="length_max" property="lengthMax" />
        <result column="is_capitalize" property="isCapitalize" />
        <result column="contains_alpha" property="containsAlpha" />
        <result column="contains_number" property="containsNumber" />
        <result column="contains_symbol" property="containsSymbol" />
        <result column="tip" property="tip" />
    </resultMap>

    <!-- 通用查询结果列 -->
    <sql id="Base_Column_List">
        id, length_min, length_max, is_capitalize, contains_alpha, contains_number, contains_symbol, tip
    </sql>

</mapper>
