<?xml version="1.0" encoding="UTF-8"?>
<!DOCTYPE mapper PUBLIC "-//mybatis.org//DTD Mapper 3.0//EN" "http://mybatis.org/dtd/mybatis-3-mapper.dtd">
<mapper namespace="com.gdcdgj.charging.api.mapper.ConfigurationLoginpolicyMapper">

    <!-- 通用查询映射结果 -->
    <resultMap id="BaseResultMap" type="com.gdcdgj.charging.api.entity.ConfigurationLoginpolicy">
        <id column="id" property="id" />
        <result column="required_type" property="requiredType" />
        <result column="lock_err_times" property="lockErrTimes" />
        <result column="lock_duration" property="lockDuration" />
    </resultMap>

    <!-- 通用查询结果列 -->
    <sql id="Base_Column_List">
        id, required_type, lock_err_times, lock_duration
    </sql>

</mapper>
