<?xml version="1.0" encoding="UTF-8"?>
<!DOCTYPE mapper PUBLIC "-//mybatis.org//DTD Mapper 3.0//EN" "http://mybatis.org/dtd/mybatis-3-mapper.dtd">
<mapper namespace="com.gdcdgj.charging.api.mapper.ConfigurationEquipmentsoftwareMapper">

    <!-- 通用查询映射结果 -->
    <resultMap id="BaseResultMap" type="com.gdcdgj.charging.api.entity.ConfigurationEquipmentsoftware">
        <id column="id" property="id" />
        <result column="version" property="version" />
        <result column="file_name" property="fileName" />
        <result column="file_size" property="fileSize" />
        <result column="file_path" property="filePath" />
        <result column="create_time" property="createTime" />
        <result column="create_by_id" property="createById" />
        <result column="equipment_type_id" property="equipmentTypeId" />
        <result column="provider_id" property="providerId" />
    </resultMap>

    <!-- 通用查询结果列 -->
    <sql id="Base_Column_List">
        id, version, file_name, file_size, file_path, create_time, create_by_id, equipment_type_id, provider_id
    </sql>

</mapper>
