<?xml version="1.0" encoding="UTF-8"?>
<!DOCTYPE mapper PUBLIC "-//mybatis.org//DTD Mapper 3.0//EN" "http://mybatis.org/dtd/mybatis-3-mapper.dtd">
<mapper namespace="com.gdcdgj.charging.api.mapper.ConfigurationEquipmentmanufacturerMapper">

    <!-- 通用查询映射结果 -->
    <resultMap id="BaseResultMap" type="com.gdcdgj.charging.api.entity.ConfigurationEquipmentmanufacturer">
        <id column="id" property="id" />
        <result column="short_name" property="shortName" />
        <result column="name" property="name" />
        <result column="address" property="address" />
        <result column="website" property="website" />
        <result column="contacts" property="contacts" />
        <result column="phone" property="phone" />
    </resultMap>

    <!-- 通用查询结果列 -->
    <sql id="Base_Column_List">
        id, short_name, name, address, website, contacts, phone
    </sql>

</mapper>
