<?xml version="1.0" encoding="UTF-8"?>
<!DOCTYPE mapper PUBLIC "-//mybatis.org//DTD Mapper 3.0//EN" "http://mybatis.org/dtd/mybatis-3-mapper.dtd">
<mapper namespace="com.gdcdgj.charging.api.mapper.ConfigurationBannerMapper">

    <!-- 通用查询映射结果 -->
    <resultMap id="BaseResultMap" type="com.gdcdgj.charging.api.entity.ConfigurationBanner">
        <id column="id" property="id" />
        <result column="usage" property="usage" />
        <result column="is_enabled" property="isEnabled" />
        <result column="image" property="image" />
        <result column="target_url" property="targetUrl" />
        <result column="memo" property="memo" />
    </resultMap>

    <!-- 通用查询结果列 -->
    <sql id="Base_Column_List">
        id, usage, is_enabled, image, target_url, memo
    </sql>

</mapper>
