<?xml version="1.0" encoding="UTF-8"?>
<!DOCTYPE mapper PUBLIC "-//mybatis.org//DTD Mapper 3.0//EN" "http://mybatis.org/dtd/mybatis-3-mapper.dtd">
<mapper namespace="com.gdcdgj.charging.api.mapper.ConfigurationChargingpricetimeperiodMapper">

    <!-- 通用查询映射结果 -->
    <resultMap id="BaseResultMap" type="com.gdcdgj.charging.api.entity.ConfigurationChargingpricetimeperiod">
        <id column="id" property="id" />
        <result column="pnv_type" property="pnvType" />
        <result column="start" property="start" />
        <result column="end" property="end" />
        <result column="template_id" property="templateId" />
    </resultMap>

    <!-- 通用查询结果列 -->
    <sql id="Base_Column_List">
        id, pnv_type, start, end, template_id
    </sql>

</mapper>
