<?xml version="1.0" encoding="UTF-8"?>
<!DOCTYPE mapper PUBLIC "-//mybatis.org//DTD Mapper 3.0//EN" "http://mybatis.org/dtd/mybatis-3-mapper.dtd">
<mapper namespace="com.gdcdgj.charging.api.mapper.ConfigurationTagsMapper">

    <!-- 通用查询映射结果 -->
    <resultMap id="BaseResultMap" type="com.gdcdgj.charging.api.entity.ConfigurationTags">
        <id column="id" property="id" />
        <result column="tag_type" property="tagType" />
        <result column="name" property="name" />
        <result column="source" property="source" />
        <result column="memo" property="memo" />
    </resultMap>

    <!-- 通用查询结果列 -->
    <sql id="Base_Column_List">
        id, tag_type, name, source, memo
    </sql>

</mapper>
