<?xml version="1.0" encoding="UTF-8"?>
<!DOCTYPE mapper PUBLIC "-//mybatis.org//DTD Mapper 3.0//EN" "http://mybatis.org/dtd/mybatis-3-mapper.dtd">
<mapper namespace="com.gdcdgj.charging.api.mapper.CustomerChargingorderMapper">

    <!-- 通用查询映射结果 -->
    <resultMap id="BaseResultMap" type="com.gdcdgj.charging.api.entity.CustomerChargingorder">
        <id column="id" property="id" />
        <result column="order_no" property="orderNo" />
        <result column="status" property="status" />
        <result column="scan_time" property="scanTime" />
        <result column="order_time" property="orderTime" />
        <result column="start_time" property="startTime" />
        <result column="peaks_charging_time" property="peaksChargingTime" />
        <result column="peaks_charging_quantity" property="peaksChargingQuantity" />
        <result column="peaks_charging_price" property="peaksChargingPrice" />
        <result column="peaks_service_price" property="peaksServicePrice" />
        <result column="normal_charging_time" property="normalChargingTime" />
        <result column="normal_charging_quantity" property="normalChargingQuantity" />
        <result column="normal_charging_price" property="normalChargingPrice" />
        <result column="normal_service_price" property="normalServicePrice" />
        <result column="valleys_charging_time" property="valleysChargingTime" />
        <result column="valleys_charging_quantity" property="valleysChargingQuantity" />
        <result column="valleys_charging_price" property="valleysChargingPrice" />
        <result column="valleys_service_price" property="valleysServicePrice" />
        <result column="total_charging_time" property="totalChargingTime" />
        <result column="total_charging_quantity" property="totalChargingQuantity" />
        <result column="total_charging_price" property="totalChargingPrice" />
        <result column="total_service_price" property="totalServicePrice" />
        <result column="total_price" property="totalPrice" />
        <result column="soc_start" property="socStart" />
        <result column="soc_end" property="socEnd" />
        <result column="electric_start" property="electricStart" />
        <result column="electric_end" property="electricEnd" />
        <result column="stop_time" property="stopTime" />
        <result column="stop_method" property="stopMethod" />
        <result column="bill_time" property="billTime" />
        <result column="pay_time" property="payTime" />
        <result column="is_pay_success" property="isPaySuccess" />
        <result column="wallet_pay_amount" property="walletPayAmount" />
        <result column="real_pay_amount" property="realPayAmount" />
        <result column="connector_code" property="connectorCode" />
        <result column="member_phone" property="memberPhone" />
        <result column="city_code" property="cityCode" />
        <result column="city_id" property="cityId" />
        <result column="company_id" property="companyId" />
        <result column="connector_id" property="connectorId" />
        <result column="member_id" property="memberId" />
        <result column="pile_id" property="pileId" />
        <result column="pile_provider_id" property="pileProviderId" />
        <result column="station_id" property="stationId" />
        <result column="current" property="current" />
        <result column="left_time" property="leftTime" />
        <result column="require_current" property="requireCurrent" />
        <result column="require_voltage" property="requireVoltage" />
        <result column="voltage" property="voltage" />
    </resultMap>

    <!-- 通用查询结果列 -->
    <sql id="Base_Column_List">
        id, order_no, status, scan_time, order_time, start_time, peaks_charging_time, peaks_charging_quantity, peaks_charging_price, peaks_service_price, normal_charging_time, normal_charging_quantity, normal_charging_price, normal_service_price, valleys_charging_time, valleys_charging_quantity, valleys_charging_price, valleys_service_price, total_charging_time, total_charging_quantity, total_charging_price, total_service_price, total_price, soc_start, soc_end, electric_start, electric_end, stop_time, stop_method, bill_time, pay_time, is_pay_success, wallet_pay_amount, real_pay_amount, connector_code, member_phone, city_code, city_id, company_id, connector_id, member_id, pile_id, pile_provider_id, station_id, current, left_time, require_current, require_voltage, voltage
    </sql>

</mapper>
