<?xml version="1.0" encoding="UTF-8"?>
<!DOCTYPE mapper PUBLIC "-//mybatis.org//DTD Mapper 3.0//EN" "http://mybatis.org/dtd/mybatis-3-mapper.dtd">
<mapper namespace="com.gdcdgj.charging.api.mapper.CustomerChargingordertracksMapper">

    <!-- 通用查询映射结果 -->
    <resultMap id="BaseResultMap" type="com.gdcdgj.charging.api.entity.CustomerChargingordertracks">
        <id column="id" property="id" />
        <result column="add_time" property="addTime" />
        <result column="peaks_charging_time" property="peaksChargingTime" />
        <result column="peaks_charging_price" property="peaksChargingPrice" />
        <result column="peaks_service_price" property="peaksServicePrice" />
        <result column="normal_charging_time" property="normalChargingTime" />
        <result column="normal_charging_price" property="normalChargingPrice" />
        <result column="normal_service_price" property="normalServicePrice" />
        <result column="valleys_charging_time" property="valleysChargingTime" />
        <result column="valleys_charging_price" property="valleysChargingPrice" />
        <result column="valleys_service_price" property="valleysServicePrice" />
        <result column="total_charging_time" property="totalChargingTime" />
        <result column="total_charging_price" property="totalChargingPrice" />
        <result column="total_service_price" property="totalServicePrice" />
        <result column="total_price" property="totalPrice" />
        <result column="soc_start" property="socStart" />
        <result column="soc_end" property="socEnd" />
        <result column="electric_start" property="electricStart" />
        <result column="electric_end" property="electricEnd" />
        <result column="voltage" property="voltage" />
        <result column="current" property="current" />
        <result column="require_voltage" property="requireVoltage" />
        <result column="require_current" property="requireCurrent" />
        <result column="left_time" property="leftTime" />
        <result column="order_id" property="orderId" />
        <result column="normal_charging_quantity" property="normalChargingQuantity" />
        <result column="peaks_charging_quantity" property="peaksChargingQuantity" />
        <result column="total_charging_quantity" property="totalChargingQuantity" />
        <result column="valleys_charging_quantity" property="valleysChargingQuantity" />
    </resultMap>

    <!-- 通用查询结果列 -->
    <sql id="Base_Column_List">
        id, add_time, peaks_charging_time, peaks_charging_price, peaks_service_price, normal_charging_time, normal_charging_price, normal_service_price, valleys_charging_time, valleys_charging_price, valleys_service_price, total_charging_time, total_charging_price, total_service_price, total_price, soc_start, soc_end, electric_start, electric_end, voltage, current, require_voltage, require_current, left_time, order_id, normal_charging_quantity, peaks_charging_quantity, total_charging_quantity, valleys_charging_quantity
    </sql>

</mapper>
