<?xml version="1.0" encoding="UTF-8"?>
<!DOCTYPE mapper PUBLIC "-//mybatis.org//DTD Mapper 3.0//EN" "http://mybatis.org/dtd/mybatis-3-mapper.dtd">
<mapper namespace="com.gdcdgj.charging.api.mapper.CustomerCarnumberMapper">

    <!-- 通用查询映射结果 -->
    <resultMap id="BaseResultMap" type="com.gdcdgj.charging.api.entity.CustomerCarnumber">
        <id column="id" property="id" />
        <result column="number" property="number" />
        <result column="image" property="image" />
        <result column="is_default" property="isDefault" />
        <result column="member_id" property="memberId" />
    </resultMap>

    <!-- 通用查询结果列 -->
    <sql id="Base_Column_List">
        id, number, image, is_default, member_id
    </sql>

</mapper>
