<?xml version="1.0" encoding="UTF-8"?>
<!DOCTYPE mapper PUBLIC "-//mybatis.org//DTD Mapper 3.0//EN" "http://mybatis.org/dtd/mybatis-3-mapper.dtd">
<mapper namespace="com.gdcdgj.charging.api.mapper.CustomerChargingorderevaluateMapper">

    <!-- 通用查询映射结果 -->
    <resultMap id="BaseResultMap" type="com.gdcdgj.charging.api.entity.CustomerChargingorderevaluate">
        <id column="id" property="id" />
        <result column="add_time" property="addTime" />
        <result column="category" property="category" />
        <result column="content" property="content" />
        <result column="is_resolved" property="isResolved" />
        <result column="resolved_by" property="resolvedBy" />
        <result column="solution" property="solution" />
        <result column="member_id" property="memberId" />
        <result column="order_id" property="orderId" />
    </resultMap>

    <!-- 通用查询结果列 -->
    <sql id="Base_Column_List">
        id, add_time, category, content, is_resolved, resolved_by, solution, member_id, order_id
    </sql>

</mapper>
