<?xml version="1.0" encoding="UTF-8"?>
<!DOCTYPE mapper PUBLIC "-//mybatis.org//DTD Mapper 3.0//EN" "http://mybatis.org/dtd/mybatis-3-mapper.dtd">
<mapper namespace="com.gdcdgj.charging.api.mapper.CustomerRefundrecordMapper">

    <!-- 通用查询映射结果 -->
    <resultMap id="BaseResultMap" type="com.gdcdgj.charging.api.entity.CustomerRefundrecord">
        <id column="id" property="id" />
        <result column="money" property="money" />
        <result column="trade_time" property="tradeTime" />
        <result column="pay_method" property="payMethod" />
        <result column="trade_no" property="tradeNo" />
        <result column="status" property="status" />
        <result column="remark" property="remark" />
        <result column="member_id" property="memberId" />
    </resultMap>

    <!-- 通用查询结果列 -->
    <sql id="Base_Column_List">
        id, money, trade_time, pay_method, trade_no, status, remark, member_id
    </sql>

</mapper>
