<?xml version="1.0" encoding="UTF-8"?>
<!DOCTYPE mapper PUBLIC "-//mybatis.org//DTD Mapper 3.0//EN" "http://mybatis.org/dtd/mybatis-3-mapper.dtd">
<mapper namespace="com.gdcdgj.charging.api.mapper.CustomerChargingorderpaymentMapper">

    <!-- 通用查询映射结果 -->
    <resultMap id="BaseResultMap" type="com.gdcdgj.charging.api.entity.CustomerChargingorderpayment">
        <id column="id" property="id" />
        <result column="pay_time" property="payTime" />
        <result column="pay_amount" property="payAmount" />
        <result column="pay_method" property="payMethod" />
        <result column="trade_no" property="tradeNo" />
        <result column="business_no" property="businessNo" />
        <result column="is_success" property="isSuccess" />
        <result column="order_id" property="orderId" />
    </resultMap>

    <!-- 通用查询结果列 -->
    <sql id="Base_Column_List">
        id, pay_time, pay_amount, pay_method, trade_no, business_no, is_success, order_id
    </sql>

</mapper>
