<?xml version="1.0" encoding="UTF-8"?>
<!DOCTYPE mapper PUBLIC "-//mybatis.org//DTD Mapper 3.0//EN" "http://mybatis.org/dtd/mybatis-3-mapper.dtd">
<mapper namespace="com.gdcdgj.charging.api.mapper.CustomerParkingcouponMapper">

    <!-- 通用查询映射结果 -->
    <resultMap id="BaseResultMap" type="com.gdcdgj.charging.api.entity.CustomerParkingcoupon">
        <id column="id" property="id" />
        <result column="car_number" property="carNumber" />
        <result column="enter_time" property="enterTime" />
        <result column="leave_time" property="leaveTime" />
        <result column="is_pay" property="isPay" />
        <result column="pay_time" property="payTime" />
        <result column="order_id" property="orderId" />
    </resultMap>

    <!-- 通用查询结果列 -->
    <sql id="Base_Column_List">
        id, car_number, enter_time, leave_time, is_pay, pay_time, order_id
    </sql>

</mapper>
