<?xml version="1.0" encoding="UTF-8"?>
<!DOCTYPE mapper PUBLIC "-//mybatis.org//DTD Mapper 3.0//EN" "http://mybatis.org/dtd/mybatis-3-mapper.dtd">
<mapper namespace="com.gdcdgj.charging.api.mapper.CustomerMemberMapper">

    <!-- 通用查询映射结果 -->
    <resultMap id="BaseResultMap" type="com.gdcdgj.charging.api.entity.CustomerMember">
        <id column="id" property="id" />
        <result column="status" property="status" />
        <result column="phone" property="phone" />
        <result column="name" property="name" />
        <result column="password" property="password" />
        <result column="sex" property="sex" />
        <result column="idcard" property="idcard" />
        <result column="wx_nick" property="wxNick" />
        <result column="token" property="token" />
        <result column="source" property="source" />
        <result column="register_time" property="registerTime" />
        <result column="register_address" property="registerAddress" />
        <result column="last_login_time" property="lastLoginTime" />
        <result column="credit" property="credit" />
        <result column="wallet" property="wallet" />
        <result column="last_charging_time" property="lastChargingTime" />
        <result column="last_charging_fee" property="lastChargingFee" />
        <result column="last_charging_power" property="lastChargingPower" />
        <result column="total_charging_num" property="totalChargingNum" />
        <result column="total_charging_time" property="totalChargingTime" />
        <result column="total_charging_fee" property="totalChargingFee" />
        <result column="total_charging_power" property="totalChargingPower" />
        <result column="total_recharge_num" property="totalRechargeNum" />
        <result column="total_recharge_fee" property="totalRechargeFee" />
        <result column="total_refund_num" property="totalRefundNum" />
        <result column="total_refund_fee" property="totalRefundFee" />
        <result column="disable_time" property="disableTime" />
        <result column="disable_reason" property="disableReason" />
        <result column="freeze_time" property="freezeTime" />
        <result column="freeze_reason" property="freezeReason" />
        <result column="memo" property="memo" />
        <result column="cooperation_id" property="cooperationId" />
        <result column="disable_operator_id" property="disableOperatorId" />
        <result column="freeze_operator_id" property="freezeOperatorId" />
        <result column="inviter_id" property="inviterId" />
    </resultMap>

    <!-- 通用查询结果列 -->
    <sql id="Base_Column_List">
        id, status, phone, name, password, sex, idcard, wx_nick, token, source, register_time, register_address, last_login_time, credit, wallet, last_charging_time, last_charging_fee, last_charging_power, total_charging_num, total_charging_time, total_charging_fee, total_charging_power, total_recharge_num, total_recharge_fee, total_refund_num, total_refund_fee, disable_time, disable_reason, freeze_time, freeze_reason, memo, cooperation_id, disable_operator_id, freeze_operator_id, inviter_id
    </sql>

</mapper>
