<?xml version="1.0" encoding="UTF-8"?>
<!DOCTYPE mapper PUBLIC "-//mybatis.org//DTD Mapper 3.0//EN" "http://mybatis.org/dtd/mybatis-3-mapper.dtd">
<mapper namespace="com.gdcdgj.charging.api.mapper.DjangoAdminLogMapper">

    <!-- 通用查询映射结果 -->
    <resultMap id="BaseResultMap" type="com.gdcdgj.charging.api.entity.DjangoAdminLog">
        <id column="id" property="id" />
        <result column="action_time" property="actionTime" />
        <result column="object_id" property="objectId" />
        <result column="object_repr" property="objectRepr" />
        <result column="action_flag" property="actionFlag" />
        <result column="change_message" property="changeMessage" />
        <result column="content_type_id" property="contentTypeId" />
        <result column="user_id" property="userId" />
    </resultMap>

    <!-- 通用查询结果列 -->
    <sql id="Base_Column_List">
        id, action_time, object_id, object_repr, action_flag, change_message, content_type_id, user_id
    </sql>

</mapper>
