<?xml version="1.0" encoding="UTF-8"?>
<!DOCTYPE mapper PUBLIC "-//mybatis.org//DTD Mapper 3.0//EN" "http://mybatis.org/dtd/mybatis-3-mapper.dtd">
<mapper namespace="com.gdcdgj.charging.api.mapper.DjangoMigrationsMapper">

    <!-- 通用查询映射结果 -->
    <resultMap id="BaseResultMap" type="com.gdcdgj.charging.api.entity.DjangoMigrations">
        <id column="id" property="id" />
        <result column="app" property="app" />
        <result column="name" property="name" />
        <result column="applied" property="applied" />
    </resultMap>

    <!-- 通用查询结果列 -->
    <sql id="Base_Column_List">
        id, app, name, applied
    </sql>

</mapper>
