<?xml version="1.0" encoding="UTF-8"?>
<!DOCTYPE mapper PUBLIC "-//mybatis.org//DTD Mapper 3.0//EN" "http://mybatis.org/dtd/mybatis-3-mapper.dtd">
<mapper namespace="com.gdcdgj.charging.api.mapper.EmployeeOperatingrecordMapper">

    <!-- 通用查询映射结果 -->
    <resultMap id="BaseResultMap" type="com.gdcdgj.charging.api.entity.EmployeeOperatingrecord">
        <id column="id" property="id" />
        <result column="target" property="target" />
        <result column="operate_type" property="operateType" />
        <result column="content" property="content" />
        <result column="operate_time" property="operateTime" />
        <result column="operater_id" property="operaterId" />
    </resultMap>

    <!-- 通用查询结果列 -->
    <sql id="Base_Column_List">
        id, target, operate_type, content, operate_time, operater_id
    </sql>

</mapper>
