<?xml version="1.0" encoding="UTF-8"?>
<!DOCTYPE mapper PUBLIC "-//mybatis.org//DTD Mapper 3.0//EN" "http://mybatis.org/dtd/mybatis-3-mapper.dtd">
<mapper namespace="com.gdcdgj.charging.api.mapper.EmployeeUserMapper">

    <!-- 通用查询映射结果 -->
    <resultMap id="BaseResultMap" type="com.gdcdgj.charging.api.entity.EmployeeUser">
        <id column="id" property="id" />
        <result column="password" property="password" />
        <result column="last_login" property="lastLogin" />
        <result column="is_superuser" property="isSuperuser" />
        <result column="utype" property="utype" />
        <result column="pid" property="pid" />
        <result column="username" property="username" />
        <result column="phone" property="phone" />
        <result column="status" property="status" />
        <result column="create_time" property="createTime" />
        <result column="token" property="token" />
        <result column="expire_time" property="expireTime" />
        <result column="company_id" property="companyId" />
        <result column="create_by_id" property="createById" />
        <result column="department_id" property="departmentId" />
    </resultMap>

    <!-- 通用查询结果列 -->
    <sql id="Base_Column_List">
        id, password, last_login, is_superuser, utype, pid, username, phone, status, create_time, token, expire_time, company_id, create_by_id, department_id
    </sql>

</mapper>
