<?xml version="1.0" encoding="UTF-8"?>
<!DOCTYPE mapper PUBLIC "-//mybatis.org//DTD Mapper 3.0//EN" "http://mybatis.org/dtd/mybatis-3-mapper.dtd">
<mapper namespace="com.gdcdgj.charging.api.mapper.EmployeeCompanyMapper">

    <!-- 通用查询映射结果 -->
    <resultMap id="BaseResultMap" type="com.gdcdgj.charging.api.entity.EmployeeCompany">
        <id column="id" property="id" />
        <result column="ctype" property="ctype" />
        <result column="name" property="name" />
        <result column="short_name" property="shortName" />
        <result column="organization_code" property="organizationCode" />
        <result column="contact" property="contact" />
        <result column="contact_phone1" property="contactPhone1" />
        <result column="contact_phone2" property="contactPhone2" />
        <result column="memo" property="memo" />
        <result column="is_enabled" property="isEnabled" />
    </resultMap>

    <!-- 通用查询结果列 -->
    <sql id="Base_Column_List">
        id, ctype, name, short_name, organization_code, contact, contact_phone1, contact_phone2, memo, is_enabled
    </sql>

</mapper>
