<?xml version="1.0" encoding="UTF-8"?>
<!DOCTYPE mapper PUBLIC "-//mybatis.org//DTD Mapper 3.0//EN" "http://mybatis.org/dtd/mybatis-3-mapper.dtd">
<mapper namespace="com.gdcdgj.charging.api.mapper.EmployeeCooperationMapper">

    <!-- 通用查询映射结果 -->
    <resultMap id="BaseResultMap" type="com.gdcdgj.charging.api.entity.EmployeeCooperation">
        <id column="id" property="id" />
        <result column="name" property="name" />
        <result column="short_name" property="shortName" />
        <result column="method" property="method" />
        <result column="organization_code" property="organizationCode" />
        <result column="contacts" property="contacts" />
        <result column="contact_phone" property="contactPhone" />
        <result column="memo" property="memo" />
        <result column="identify_code" property="identifyCode" />
    </resultMap>

    <!-- 通用查询结果列 -->
    <sql id="Base_Column_List">
        id, name, short_name, method, organization_code, contacts, contact_phone, memo, identify_code
    </sql>

</mapper>
