<?xml version="1.0" encoding="UTF-8"?>
<!DOCTYPE mapper PUBLIC "-//mybatis.org//DTD Mapper 3.0//EN" "http://mybatis.org/dtd/mybatis-3-mapper.dtd">
<mapper namespace="com.gdcdgj.charging.api.mapper.ReportRegionsummaryMapper">

    <!-- 通用查询映射结果 -->
    <resultMap id="BaseResultMap" type="com.gdcdgj.charging.api.entity.ReportRegionsummary">
        <id column="id" property="id" />
        <result column="dtype" property="dtype" />
        <result column="date" property="date" />
        <result column="order_nums" property="orderNums" />
        <result column="fault_order_nums" property="faultOrderNums" />
        <result column="failture_rate" property="failtureRate" />
        <result column="charging_quantity" property="chargingQuantity" />
        <result column="bill_nums" property="billNums" />
        <result column="bill_amount" property="billAmount" />
        <result column="new_customer_nums" property="newCustomerNums" />
        <result column="active_customer_nums" property="activeCustomerNums" />
        <result column="retention_rate" property="retentionRate" />
        <result column="city_id" property="cityId" />
        <result column="company_id" property="companyId" />
        <result column="station_id" property="stationId" />
        <result column="city_level" property="cityLevel" />
        <result column="company_type" property="companyType" />
        <result column="charging_duration_available" property="chargingDurationAvailable" />
        <result column="charging_duration_usage" property="chargingDurationUsage" />
        <result column="city_code" property="cityCode" />
        <result column="city_name" property="cityName" />
        <result column="duration_rate" property="durationRate" />
    </resultMap>

    <!-- 通用查询结果列 -->
    <sql id="Base_Column_List">
        id, dtype, date, order_nums, fault_order_nums, failture_rate, charging_quantity, bill_nums, bill_amount, new_customer_nums, active_customer_nums, retention_rate, city_id, company_id, station_id, city_level, company_type, charging_duration_available, charging_duration_usage, city_code, city_name, duration_rate
    </sql>

</mapper>
