<?xml version="1.0" encoding="UTF-8"?>
<!DOCTYPE mapper PUBLIC "-//mybatis.org//DTD Mapper 3.0//EN" "http://mybatis.org/dtd/mybatis-3-mapper.dtd">
<mapper namespace="com.gdcdgj.charging.api.mapper.ReportHourssummaryMapper">

    <!-- 通用查询映射结果 -->
    <resultMap id="BaseResultMap" type="com.gdcdgj.charging.api.entity.ReportHourssummary">
        <id column="id" property="id" />
        <result column="date" property="date" />
        <result column="hours" property="hours" />
        <result column="order_nums" property="orderNums" />
        <result column="charging_quantity" property="chargingQuantity" />
        <result column="bill_nums" property="billNums" />
        <result column="bill_amount" property="billAmount" />
        <result column="fault_order_nums" property="faultOrderNums" />
        <result column="active_customer_nums" property="activeCustomerNums" />
        <result column="station_id" property="stationId" />
    </resultMap>

    <!-- 通用查询结果列 -->
    <sql id="Base_Column_List">
        id, date, hours, order_nums, charging_quantity, bill_nums, bill_amount, fault_order_nums, active_customer_nums, station_id
    </sql>

</mapper>
