<?xml version="1.0" encoding="UTF-8"?>
<!DOCTYPE mapper PUBLIC "-//mybatis.org//DTD Mapper 3.0//EN" "http://mybatis.org/dtd/mybatis-3-mapper.dtd">
<mapper namespace="com.gdcdgj.charging.api.mapper.ReportUserleftsummaryMapper">

    <!-- 通用查询映射结果 -->
    <resultMap id="BaseResultMap" type="com.gdcdgj.charging.api.entity.ReportUserleftsummary">
        <id column="id" property="id" />
        <result column="base_date" property="baseDate" />
        <result column="source" property="source" />
        <result column="base_user" property="baseUser" />
        <result column="left_1" property="left1" />
        <result column="left_2" property="left2" />
        <result column="left_3" property="left3" />
        <result column="left_4" property="left4" />
        <result column="left_5" property="left5" />
        <result column="left_6" property="left6" />
        <result column="left_7" property="left7" />
        <result column="left_15" property="left15" />
        <result column="left_30" property="left30" />
        <result column="left_60" property="left60" />
        <result column="left_90" property="left90" />
        <result column="left_180" property="left180" />
        <result column="left_360" property="left360" />
    </resultMap>

    <!-- 通用查询结果列 -->
    <sql id="Base_Column_List">
        id, base_date, source, base_user, left_1, left_2, left_3, left_4, left_5, left_6, left_7, left_15, left_30, left_60, left_90, left_180, left_360
    </sql>

</mapper>
