<?xml version="1.0" encoding="UTF-8" ?>
<!DOCTYPE configuration>
<configuration debug="false" scan="false">
    <contextName>gdcdgj-charging-interface</contextName>

    <Property name="log.base" value="logs"/>
    <Property name="log.name" value="interface"/>
    <Property name="log.level" value="DEBUG"/>

    <appender name="STDOUT" class="ch.qos.logback.core.ConsoleAppender">
        <encoder class="ch.qos.logback.classic.encoder.PatternLayoutEncoder">
            <pattern>%d{yyyy-MM-dd HH:mm:ss.SSS} %-5level %C{1} [%M:%L] [%thread] - %msg%n</pattern>
            <pattern>%d{yyyy-MM-dd HH:mm:ss.SSS} [%thread] %-5level %C{1} [%M:%L] - %msg%n</pattern>
            <charset>UTF-8</charset>
        </encoder>
    </appender>


    <appender name="FILE" class="ch.qos.logback.core.rolling.RollingFileAppender">
        <File>${log.base}/${log.name}.out</File>
        <rollingPolicy class="ch.qos.logback.core.rolling.TimeBasedRollingPolicy">
            <FileNamePattern>${log.base}/${log.name}.out.%d{yyyy-MM-dd}.%i</FileNamePattern>
            <timeBasedFileNamingAndTriggeringPolicy
                    class="ch.qos.logback.core.rolling.SizeAndTimeBasedFNATP">
                <maxFileSize>5MB</maxFileSize>
            </timeBasedFileNamingAndTriggeringPolicy>
        </rollingPolicy>
        <encoder class="ch.qos.logback.classic.encoder.PatternLayoutEncoder">
            <pattern>%d{yyyy-MM-dd HH:mm:ss.SSS} [%thread] %-5level %C{1} [%M:%L] - %msg%n</pattern>
            <charset>UTF-8</charset>
        </encoder>
    </appender>


    <appender name="ASYNC" class="ch.qos.logback.classic.AsyncAppender">
        <discardingThreshold>0</discardingThreshold>
        <queueSize>512</queueSize>
        <appender-ref ref="FILE"/>
    </appender>

    <root level="${log.level}">
        <appender-ref ref="STDOUT"/>
        <appender-ref ref="ASYNC"/>
    </root>
</configuration>
