{"name":"api","classpathEntries":[{"kind":"binary","path":"C:\\Program Files\\Java\\jdk1.8.0_181\\jre\\lib\\resources.jar","javadocContainerUrl":"https://docs.oracle.com/javase/1/docs/api/","isSystem":true,"isOwn":false,"isTest":false,"isJavaContent":false},{"kind":"binary","path":"C:\\Program Files\\Java\\jdk1.8.0_181\\jre\\lib\\rt.jar","javadocContainerUrl":"https://docs.oracle.com/javase/1/docs/api/","isSystem":true,"isOwn":false,"isTest":false,"isJavaContent":false},{"kind":"binary","path":"C:\\Program Files\\Java\\jdk1.8.0_181\\jre\\lib\\jsse.jar","javadocContainerUrl":"https://docs.oracle.com/javase/1/docs/api/","isSystem":true,"isOwn":false,"isTest":false,"isJavaContent":false},{"kind":"binary","path":"C:\\Program Files\\Java\\jdk1.8.0_181\\jre\\lib\\jce.jar","javadocContainerUrl":"https://docs.oracle.com/javase/1/docs/api/","isSystem":true,"isOwn":false,"isTest":false,"isJavaContent":false},{"kind":"binary","path":"C:\\Program Files\\Java\\jdk1.8.0_181\\jre\\lib\\charsets.jar","javadocContainerUrl":"https://docs.oracle.com/javase/1/docs/api/","isSystem":true,"isOwn":false,"isTest":false,"isJavaContent":false},{"kind":"binary","path":"C:\\Program Files\\Java\\jdk1.8.0_181\\jre\\lib\\jfr.jar","javadocContainerUrl":"https://docs.oracle.com/javase/1/docs/api/","isSystem":true,"isOwn":false,"isTest":false,"isJavaContent":false},{"kind":"binary","path":"C:\\Users\\ydc\\.m2\\repository\\org\\jdom\\jdom\\2.0.2\\jdom-2.0.2.jar","sourceContainerUrl":"file:/C:/Users/ydc/.m2/repository/org/jdom/jdom/2.0.2/jdom-2.0.2-sources.jar","javadocContainerUrl":"file:/C:/Users/ydc/.m2/repository/org/jdom/jdom/2.0.2/jdom-2.0.2-javadoc.jar","isSystem":false,"isOwn":false,"isTest":false,"isJavaContent":false},{"kind":"binary","path":"C:\\Users\\ydc\\.m2\\repository\\org\\codehaus\\jackson\\jackson-mapper-asl\\1.9.12\\jackson-mapper-asl-1.9.12.jar","sourceContainerUrl":"file:/C:/Users/ydc/.m2/repository/org/codehaus/jackson/jackson-mapper-asl/1.9.12/jackson-mapper-asl-1.9.12-sources.jar","javadocContainerUrl":"file:/C:/Users/ydc/.m2/repository/org/codehaus/jackson/jackson-mapper-asl/1.9.12/jackson-mapper-asl-1.9.12-javadoc.jar","isSystem":false,"isOwn":false,"isTest":false,"isJavaContent":false},{"kind":"binary","path":"C:\\Users\\ydc\\.m2\\repository\\org\\codehaus\\jackson\\jackson-core-asl\\1.9.12\\jackson-core-asl-1.9.12.jar","sourceContainerUrl":"file:/C:/Users/ydc/.m2/repository/org/codehaus/jackson/jackson-core-asl/1.9.12/jackson-core-asl-1.9.12-sources.jar","javadocContainerUrl":"file:/C:/Users/ydc/.m2/repository/org/codehaus/jackson/jackson-core-asl/1.9.12/jackson-core-asl-1.9.12-javadoc.jar","isSystem":false,"isOwn":false,"isTest":false,"isJavaContent":false},{"kind":"binary","path":"C:\\Users\\ydc\\.m2\\repository\\org\\apache\\httpcomponents\\httpclient\\4.5.3\\httpclient-4.5.3.jar","sourceContainerUrl":"file:/C:/Users/ydc/.m2/repository/org/apache/httpcomponents/httpclient/4.5.3/httpclient-4.5.3-sources.jar","javadocContainerUrl":"file:/C:/Users/ydc/.m2/repository/org/apache/httpcomponents/httpclient/4.5.3/httpclient-4.5.3-javadoc.jar","isSystem":false,"isOwn":false,"isTest":false,"isJavaContent":false},{"kind":"binary","path":"C:\\Users\\ydc\\.m2\\repository\\org\\apache\\httpcomponents\\httpcore\\4.4.12\\httpcore-4.4.12.jar","sourceContainerUrl":"file:/C:/Users/ydc/.m2/repository/org/apache/httpcomponents/httpcore/4.4.12/httpcore-4.4.12-sources.jar","javadocContainerUrl":"file:/C:/Users/ydc/.m2/repository/org/apache/httpcomponents/httpcore/4.4.12/httpcore-4.4.12-javadoc.jar","isSystem":false,"isOwn":false,"isTest":false,"isJavaContent":false},{"kind":"binary","path":"C:\\Users\\ydc\\.m2\\repository\\commons-codec\\commons-codec\\1.13\\commons-codec-1.13.jar","sourceContainerUrl":"file:/C:/Users/ydc/.m2/repository/commons-codec/commons-codec/1.13/commons-codec-1.13-sources.jar","javadocContainerUrl":"file:/C:/Users/ydc/.m2/repository/commons-codec/commons-codec/1.13/commons-codec-1.13-javadoc.jar","isSystem":false,"isOwn":false,"isTest":false,"isJavaContent":false},{"kind":"binary","path":"C:\\Users\\ydc\\.m2\\repository\\com\\alibaba\\fastjson\\1.2.58\\fastjson-1.2.58.jar","sourceContainerUrl":"file:/C:/Users/ydc/.m2/repository/com/alibaba/fastjson/1.2.58/fastjson-1.2.58-sources.jar","javadocContainerUrl":"file:/C:/Users/ydc/.m2/repository/com/alibaba/fastjson/1.2.58/fastjson-1.2.58-javadoc.jar","isSystem":false,"isOwn":false,"isTest":false,"isJavaContent":false},{"kind":"binary","path":"C:\\Users\\ydc\\.m2\\repository\\org\\apache\\commons\\commons-lang3\\3.6\\commons-lang3-3.6.jar","sourceContainerUrl":"file:/C:/Users/ydc/.m2/repository/org/apache/commons/commons-lang3/3.6/commons-lang3-3.6-sources.jar","javadocContainerUrl":"file:/C:/Users/ydc/.m2/repository/org/apache/commons/commons-lang3/3.6/commons-lang3-3.6-javadoc.jar","isSystem":false,"isOwn":false,"isTest":false,"isJavaContent":false},{"kind":"binary","path":"C:\\Users\\ydc\\.m2\\repository\\org\\springframework\\boot\\spring-boot-starter-web\\2.2.2.RELEASE\\spring-boot-starter-web-2.2.2.RELEASE.jar","sourceContainerUrl":"file:/C:/Users/ydc/.m2/repository/org/springframework/boot/spring-boot-starter-web/2.2.2.RELEASE/spring-boot-starter-web-2.2.2.RELEASE-sources.jar","isSystem":false,"isOwn":false,"isTest":false,"isJavaContent":false},{"kind":"binary","path":"C:\\Users\\ydc\\.m2\\repository\\org\\springframework\\boot\\spring-boot-starter\\2.2.2.RELEASE\\spring-boot-starter-2.2.2.RELEASE.jar","sourceContainerUrl":"file:/C:/Users/ydc/.m2/repository/org/springframework/boot/spring-boot-starter/2.2.2.RELEASE/spring-boot-starter-2.2.2.RELEASE-sources.jar","isSystem":false,"isOwn":false,"isTest":false,"isJavaContent":false},{"kind":"binary","path":"C:\\Users\\ydc\\.m2\\repository\\org\\springframework\\boot\\spring-boot\\2.2.2.RELEASE\\spring-boot-2.2.2.RELEASE.jar","sourceContainerUrl":"file:/C:/Users/ydc/.m2/repository/org/springframework/boot/spring-boot/2.2.2.RELEASE/spring-boot-2.2.2.RELEASE-sources.jar","javadocContainerUrl":"file:/C:/Users/ydc/.m2/repository/org/springframework/boot/spring-boot/2.2.2.RELEASE/spring-boot-2.2.2.RELEASE-javadoc.jar","isSystem":false,"isOwn":false,"isTest":false,"isJavaContent":false},{"kind":"binary","path":"C:\\Users\\ydc\\.m2\\repository\\org\\springframework\\boot\\spring-boot-starter-logging\\2.2.2.RELEASE\\spring-boot-starter-logging-2.2.2.RELEASE.jar","sourceContainerUrl":"file:/C:/Users/ydc/.m2/repository/org/springframework/boot/spring-boot-starter-logging/2.2.2.RELEASE/spring-boot-starter-logging-2.2.2.RELEASE-sources.jar","isSystem":false,"isOwn":false,"isTest":false,"isJavaContent":false},{"kind":"binary","path":"C:\\Users\\ydc\\.m2\\repository\\ch\\qos\\logback\\logback-classic\\1.2.3\\logback-classic-1.2.3.jar","sourceContainerUrl":"file:/C:/Users/ydc/.m2/repository/ch/qos/logback/logback-classic/1.2.3/logback-classic-1.2.3-sources.jar","javadocContainerUrl":"file:/C:/Users/ydc/.m2/repository/ch/qos/logback/logback-classic/1.2.3/logback-classic-1.2.3-javadoc.jar","isSystem":false,"isOwn":false,"isTest":false,"isJavaContent":false},{"kind":"binary","path":"C:\\Users\\ydc\\.m2\\repository\\ch\\qos\\logback\\logback-core\\1.2.3\\logback-core-1.2.3.jar","sourceContainerUrl":"file:/C:/Users/ydc/.m2/repository/ch/qos/logback/logback-core/1.2.3/logback-core-1.2.3-sources.jar","javadocContainerUrl":"file:/C:/Users/ydc/.m2/repository/ch/qos/logback/logback-core/1.2.3/logback-core-1.2.3-javadoc.jar","isSystem":false,"isOwn":false,"isTest":false,"isJavaContent":false},{"kind":"binary","path":"C:\\Users\\ydc\\.m2\\repository\\org\\apache\\logging\\log4j\\log4j-to-slf4j\\2.12.1\\log4j-to-slf4j-2.12.1.jar","sourceContainerUrl":"file:/C:/Users/ydc/.m2/repository/org/apache/logging/log4j/log4j-to-slf4j/2.12.1/log4j-to-slf4j-2.12.1-sources.jar","javadocContainerUrl":"file:/C:/Users/ydc/.m2/repository/org/apache/logging/log4j/log4j-to-slf4j/2.12.1/log4j-to-slf4j-2.12.1-javadoc.jar","isSystem":false,"isOwn":false,"isTest":false,"isJavaContent":false},{"kind":"binary","path":"C:\\Users\\ydc\\.m2\\repository\\org\\apache\\logging\\log4j\\log4j-api\\2.12.1\\log4j-api-2.12.1.jar","sourceContainerUrl":"file:/C:/Users/ydc/.m2/repository/org/apache/logging/log4j/log4j-api/2.12.1/log4j-api-2.12.1-sources.jar","javadocContainerUrl":"file:/C:/Users/ydc/.m2/repository/org/apache/logging/log4j/log4j-api/2.12.1/log4j-api-2.12.1-javadoc.jar","isSystem":false,"isOwn":false,"isTest":false,"isJavaContent":false},{"kind":"binary","path":"C:\\Users\\ydc\\.m2\\repository\\org\\slf4j\\jul-to-slf4j\\1.7.29\\jul-to-slf4j-1.7.29.jar","sourceContainerUrl":"file:/C:/Users/ydc/.m2/repository/org/slf4j/jul-to-slf4j/1.7.29/jul-to-slf4j-1.7.29-sources.jar","javadocContainerUrl":"file:/C:/Users/ydc/.m2/repository/org/slf4j/jul-to-slf4j/1.7.29/jul-to-slf4j-1.7.29-javadoc.jar","isSystem":false,"isOwn":false,"isTest":false,"isJavaContent":false},{"kind":"binary","path":"C:\\Users\\ydc\\.m2\\repository\\jakarta\\annotation\\jakarta.annotation-api\\1.3.5\\jakarta.annotation-api-1.3.5.jar","sourceContainerUrl":"file:/C:/Users/ydc/.m2/repository/jakarta/annotation/jakarta.annotation-api/1.3.5/jakarta.annotation-api-1.3.5-sources.jar","javadocContainerUrl":"file:/C:/Users/ydc/.m2/repository/jakarta/annotation/jakarta.annotation-api/1.3.5/jakarta.annotation-api-1.3.5-javadoc.jar","isSystem":false,"isOwn":false,"isTest":false,"isJavaContent":false},{"kind":"binary","path":"C:\\Users\\ydc\\.m2\\repository\\org\\springframework\\spring-core\\5.2.2.RELEASE\\spring-core-5.2.2.RELEASE.jar","sourceContainerUrl":"file:/C:/Users/ydc/.m2/repository/org/springframework/spring-core/5.2.2.RELEASE/spring-core-5.2.2.RELEASE-sources.jar","javadocContainerUrl":"file:/C:/Users/ydc/.m2/repository/org/springframework/spring-core/5.2.2.RELEASE/spring-core-5.2.2.RELEASE-javadoc.jar","isSystem":false,"isOwn":false,"isTest":false,"isJavaContent":false},{"kind":"binary","path":"C:\\Users\\ydc\\.m2\\repository\\org\\springframework\\spring-jcl\\5.2.2.RELEASE\\spring-jcl-5.2.2.RELEASE.jar","sourceContainerUrl":"file:/C:/Users/ydc/.m2/repository/org/springframework/spring-jcl/5.2.2.RELEASE/spring-jcl-5.2.2.RELEASE-sources.jar","javadocContainerUrl":"file:/C:/Users/ydc/.m2/repository/org/springframework/spring-jcl/5.2.2.RELEASE/spring-jcl-5.2.2.RELEASE-javadoc.jar","isSystem":false,"isOwn":false,"isTest":false,"isJavaContent":false},{"kind":"binary","path":"C:\\Users\\ydc\\.m2\\repository\\org\\yaml\\snakeyaml\\1.25\\snakeyaml-1.25.jar","sourceContainerUrl":"file:/C:/Users/ydc/.m2/repository/org/yaml/snakeyaml/1.25/snakeyaml-1.25-sources.jar","javadocContainerUrl":"file:/C:/Users/ydc/.m2/repository/org/yaml/snakeyaml/1.25/snakeyaml-1.25-javadoc.jar","isSystem":false,"isOwn":false,"isTest":false,"isJavaContent":false},{"kind":"binary","path":"C:\\Users\\ydc\\.m2\\repository\\org\\springframework\\boot\\spring-boot-starter-tomcat\\2.2.2.RELEASE\\spring-boot-starter-tomcat-2.2.2.RELEASE.jar","sourceContainerUrl":"file:/C:/Users/ydc/.m2/repository/org/springframework/boot/spring-boot-starter-tomcat/2.2.2.RELEASE/spring-boot-starter-tomcat-2.2.2.RELEASE-sources.jar","isSystem":false,"isOwn":false,"isTest":false,"isJavaContent":false},{"kind":"binary","path":"C:\\Users\\ydc\\.m2\\repository\\org\\apache\\tomcat\\embed\\tomcat-embed-core\\9.0.29\\tomcat-embed-core-9.0.29.jar","sourceContainerUrl":"file:/C:/Users/ydc/.m2/repository/org/apache/tomcat/embed/tomcat-embed-core/9.0.29/tomcat-embed-core-9.0.29-sources.jar","isSystem":false,"isOwn":false,"isTest":false,"isJavaContent":false},{"kind":"binary","path":"C:\\Users\\ydc\\.m2\\repository\\org\\apache\\tomcat\\embed\\tomcat-embed-el\\9.0.29\\tomcat-embed-el-9.0.29.jar","sourceContainerUrl":"file:/C:/Users/ydc/.m2/repository/org/apache/tomcat/embed/tomcat-embed-el/9.0.29/tomcat-embed-el-9.0.29-sources.jar","isSystem":false,"isOwn":false,"isTest":false,"isJavaContent":false},{"kind":"binary","path":"C:\\Users\\ydc\\.m2\\repository\\org\\apache\\tomcat\\embed\\tomcat-embed-websocket\\9.0.29\\tomcat-embed-websocket-9.0.29.jar","sourceContainerUrl":"file:/C:/Users/ydc/.m2/repository/org/apache/tomcat/embed/tomcat-embed-websocket/9.0.29/tomcat-embed-websocket-9.0.29-sources.jar","isSystem":false,"isOwn":false,"isTest":false,"isJavaContent":false},{"kind":"binary","path":"C:\\Users\\ydc\\.m2\\repository\\org\\springframework\\boot\\spring-boot-starter-validation\\2.2.2.RELEASE\\spring-boot-starter-validation-2.2.2.RELEASE.jar","sourceContainerUrl":"file:/C:/Users/ydc/.m2/repository/org/springframework/boot/spring-boot-starter-validation/2.2.2.RELEASE/spring-boot-starter-validation-2.2.2.RELEASE-sources.jar","isSystem":false,"isOwn":false,"isTest":false,"isJavaContent":false},{"kind":"binary","path":"C:\\Users\\ydc\\.m2\\repository\\jakarta\\validation\\jakarta.validation-api\\2.0.1\\jakarta.validation-api-2.0.1.jar","sourceContainerUrl":"file:/C:/Users/ydc/.m2/repository/jakarta/validation/jakarta.validation-api/2.0.1/jakarta.validation-api-2.0.1-sources.jar","javadocContainerUrl":"file:/C:/Users/ydc/.m2/repository/jakarta/validation/jakarta.validation-api/2.0.1/jakarta.validation-api-2.0.1-javadoc.jar","isSystem":false,"isOwn":false,"isTest":false,"isJavaContent":false},{"kind":"binary","path":"C:\\Users\\ydc\\.m2\\repository\\org\\hibernate\\validator\\hibernate-validator\\6.0.18.Final\\hibernate-validator-6.0.18.Final.jar","sourceContainerUrl":"file:/C:/Users/ydc/.m2/repository/org/hibernate/validator/hibernate-validator/6.0.18.Final/hibernate-validator-6.0.18.Final-sources.jar","isSystem":false,"isOwn":false,"isTest":false,"isJavaContent":false},{"kind":"binary","path":"C:\\Users\\ydc\\.m2\\repository\\org\\jboss\\logging\\jboss-logging\\3.4.1.Final\\jboss-logging-3.4.1.Final.jar","sourceContainerUrl":"file:/C:/Users/ydc/.m2/repository/org/jboss/logging/jboss-logging/3.4.1.Final/jboss-logging-3.4.1.Final-sources.jar","javadocContainerUrl":"file:/C:/Users/ydc/.m2/repository/org/jboss/logging/jboss-logging/3.4.1.Final/jboss-logging-3.4.1.Final-javadoc.jar","isSystem":false,"isOwn":false,"isTest":false,"isJavaContent":false},{"kind":"binary","path":"C:\\Users\\ydc\\.m2\\repository\\com\\fasterxml\\classmate\\1.5.1\\classmate-1.5.1.jar","sourceContainerUrl":"file:/C:/Users/ydc/.m2/repository/com/fasterxml/classmate/1.5.1/classmate-1.5.1-sources.jar","javadocContainerUrl":"file:/C:/Users/ydc/.m2/repository/com/fasterxml/classmate/1.5.1/classmate-1.5.1-javadoc.jar","isSystem":false,"isOwn":false,"isTest":false,"isJavaContent":false},{"kind":"binary","path":"C:\\Users\\ydc\\.m2\\repository\\org\\springframework\\spring-web\\5.2.2.RELEASE\\spring-web-5.2.2.RELEASE.jar","sourceContainerUrl":"file:/C:/Users/ydc/.m2/repository/org/springframework/spring-web/5.2.2.RELEASE/spring-web-5.2.2.RELEASE-sources.jar","javadocContainerUrl":"file:/C:/Users/ydc/.m2/repository/org/springframework/spring-web/5.2.2.RELEASE/spring-web-5.2.2.RELEASE-javadoc.jar","isSystem":false,"isOwn":false,"isTest":false,"isJavaContent":false},{"kind":"binary","path":"C:\\Users\\ydc\\.m2\\repository\\org\\springframework\\spring-beans\\5.2.2.RELEASE\\spring-beans-5.2.2.RELEASE.jar","sourceContainerUrl":"file:/C:/Users/ydc/.m2/repository/org/springframework/spring-beans/5.2.2.RELEASE/spring-beans-5.2.2.RELEASE-sources.jar","javadocContainerUrl":"file:/C:/Users/ydc/.m2/repository/org/springframework/spring-beans/5.2.2.RELEASE/spring-beans-5.2.2.RELEASE-javadoc.jar","isSystem":false,"isOwn":false,"isTest":false,"isJavaContent":false},{"kind":"binary","path":"C:\\Users\\ydc\\.m2\\repository\\org\\springframework\\spring-webmvc\\5.2.2.RELEASE\\spring-webmvc-5.2.2.RELEASE.jar","sourceContainerUrl":"file:/C:/Users/ydc/.m2/repository/org/springframework/spring-webmvc/5.2.2.RELEASE/spring-webmvc-5.2.2.RELEASE-sources.jar","javadocContainerUrl":"file:/C:/Users/ydc/.m2/repository/org/springframework/spring-webmvc/5.2.2.RELEASE/spring-webmvc-5.2.2.RELEASE-javadoc.jar","isSystem":false,"isOwn":false,"isTest":false,"isJavaContent":false},{"kind":"binary","path":"C:\\Users\\ydc\\.m2\\repository\\org\\springframework\\spring-aop\\5.2.2.RELEASE\\spring-aop-5.2.2.RELEASE.jar","sourceContainerUrl":"file:/C:/Users/ydc/.m2/repository/org/springframework/spring-aop/5.2.2.RELEASE/spring-aop-5.2.2.RELEASE-sources.jar","javadocContainerUrl":"file:/C:/Users/ydc/.m2/repository/org/springframework/spring-aop/5.2.2.RELEASE/spring-aop-5.2.2.RELEASE-javadoc.jar","isSystem":false,"isOwn":false,"isTest":false,"isJavaContent":false},{"kind":"binary","path":"C:\\Users\\ydc\\.m2\\repository\\org\\springframework\\spring-context\\5.2.2.RELEASE\\spring-context-5.2.2.RELEASE.jar","sourceContainerUrl":"file:/C:/Users/ydc/.m2/repository/org/springframework/spring-context/5.2.2.RELEASE/spring-context-5.2.2.RELEASE-sources.jar","javadocContainerUrl":"file:/C:/Users/ydc/.m2/repository/org/springframework/spring-context/5.2.2.RELEASE/spring-context-5.2.2.RELEASE-javadoc.jar","isSystem":false,"isOwn":false,"isTest":false,"isJavaContent":false},{"kind":"binary","path":"C:\\Users\\ydc\\.m2\\repository\\org\\springframework\\spring-expression\\5.2.2.RELEASE\\spring-expression-5.2.2.RELEASE.jar","sourceContainerUrl":"file:/C:/Users/ydc/.m2/repository/org/springframework/spring-expression/5.2.2.RELEASE/spring-expression-5.2.2.RELEASE-sources.jar","javadocContainerUrl":"file:/C:/Users/ydc/.m2/repository/org/springframework/spring-expression/5.2.2.RELEASE/spring-expression-5.2.2.RELEASE-javadoc.jar","isSystem":false,"isOwn":false,"isTest":false,"isJavaContent":false},{"kind":"binary","path":"C:\\Users\\ydc\\.m2\\repository\\org\\springframework\\boot\\spring-boot-starter-data-redis\\2.2.2.RELEASE\\spring-boot-starter-data-redis-2.2.2.RELEASE.jar","sourceContainerUrl":"file:/C:/Users/ydc/.m2/repository/org/springframework/boot/spring-boot-starter-data-redis/2.2.2.RELEASE/spring-boot-starter-data-redis-2.2.2.RELEASE-sources.jar","isSystem":false,"isOwn":false,"isTest":false,"isJavaContent":false},{"kind":"binary","path":"C:\\Users\\ydc\\.m2\\repository\\org\\springframework\\data\\spring-data-redis\\2.2.3.RELEASE\\spring-data-redis-2.2.3.RELEASE.jar","sourceContainerUrl":"file:/C:/Users/ydc/.m2/repository/org/springframework/data/spring-data-redis/2.2.3.RELEASE/spring-data-redis-2.2.3.RELEASE-sources.jar","javadocContainerUrl":"file:/C:/Users/ydc/.m2/repository/org/springframework/data/spring-data-redis/2.2.3.RELEASE/spring-data-redis-2.2.3.RELEASE-javadoc.jar","isSystem":false,"isOwn":false,"isTest":false,"isJavaContent":false},{"kind":"binary","path":"C:\\Users\\ydc\\.m2\\repository\\org\\springframework\\data\\spring-data-keyvalue\\2.2.3.RELEASE\\spring-data-keyvalue-2.2.3.RELEASE.jar","sourceContainerUrl":"file:/C:/Users/ydc/.m2/repository/org/springframework/data/spring-data-keyvalue/2.2.3.RELEASE/spring-data-keyvalue-2.2.3.RELEASE-sources.jar","javadocContainerUrl":"file:/C:/Users/ydc/.m2/repository/org/springframework/data/spring-data-keyvalue/2.2.3.RELEASE/spring-data-keyvalue-2.2.3.RELEASE-javadoc.jar","isSystem":false,"isOwn":false,"isTest":false,"isJavaContent":false},{"kind":"binary","path":"C:\\Users\\ydc\\.m2\\repository\\org\\springframework\\data\\spring-data-commons\\2.2.3.RELEASE\\spring-data-commons-2.2.3.RELEASE.jar","sourceContainerUrl":"file:/C:/Users/ydc/.m2/repository/org/springframework/data/spring-data-commons/2.2.3.RELEASE/spring-data-commons-2.2.3.RELEASE-sources.jar","javadocContainerUrl":"file:/C:/Users/ydc/.m2/repository/org/springframework/data/spring-data-commons/2.2.3.RELEASE/spring-data-commons-2.2.3.RELEASE-javadoc.jar","isSystem":false,"isOwn":false,"isTest":false,"isJavaContent":false},{"kind":"binary","path":"C:\\Users\\ydc\\.m2\\repository\\org\\springframework\\spring-tx\\5.2.2.RELEASE\\spring-tx-5.2.2.RELEASE.jar","sourceContainerUrl":"file:/C:/Users/ydc/.m2/repository/org/springframework/spring-tx/5.2.2.RELEASE/spring-tx-5.2.2.RELEASE-sources.jar","javadocContainerUrl":"file:/C:/Users/ydc/.m2/repository/org/springframework/spring-tx/5.2.2.RELEASE/spring-tx-5.2.2.RELEASE-javadoc.jar","isSystem":false,"isOwn":false,"isTest":false,"isJavaContent":false},{"kind":"binary","path":"C:\\Users\\ydc\\.m2\\repository\\org\\springframework\\spring-oxm\\5.2.2.RELEASE\\spring-oxm-5.2.2.RELEASE.jar","sourceContainerUrl":"file:/C:/Users/ydc/.m2/repository/org/springframework/spring-oxm/5.2.2.RELEASE/spring-oxm-5.2.2.RELEASE-sources.jar","javadocContainerUrl":"file:/C:/Users/ydc/.m2/repository/org/springframework/spring-oxm/5.2.2.RELEASE/spring-oxm-5.2.2.RELEASE-javadoc.jar","isSystem":false,"isOwn":false,"isTest":false,"isJavaContent":false},{"kind":"binary","path":"C:\\Users\\ydc\\.m2\\repository\\org\\springframework\\spring-context-support\\5.2.2.RELEASE\\spring-context-support-5.2.2.RELEASE.jar","sourceContainerUrl":"file:/C:/Users/ydc/.m2/repository/org/springframework/spring-context-support/5.2.2.RELEASE/spring-context-support-5.2.2.RELEASE-sources.jar","javadocContainerUrl":"file:/C:/Users/ydc/.m2/repository/org/springframework/spring-context-support/5.2.2.RELEASE/spring-context-support-5.2.2.RELEASE-javadoc.jar","isSystem":false,"isOwn":false,"isTest":false,"isJavaContent":false},{"kind":"binary","path":"C:\\Users\\ydc\\.m2\\repository\\io\\lettuce\\lettuce-core\\5.2.1.RELEASE\\lettuce-core-5.2.1.RELEASE.jar","sourceContainerUrl":"file:/C:/Users/ydc/.m2/repository/io/lettuce/lettuce-core/5.2.1.RELEASE/lettuce-core-5.2.1.RELEASE-sources.jar","javadocContainerUrl":"file:/C:/Users/ydc/.m2/repository/io/lettuce/lettuce-core/5.2.1.RELEASE/lettuce-core-5.2.1.RELEASE-javadoc.jar","isSystem":false,"isOwn":false,"isTest":false,"isJavaContent":false},{"kind":"binary","path":"C:\\Users\\ydc\\.m2\\repository\\io\\netty\\netty-common\\4.1.43.Final\\netty-common-4.1.43.Final.jar","sourceContainerUrl":"file:/C:/Users/ydc/.m2/repository/io/netty/netty-common/4.1.43.Final/netty-common-4.1.43.Final-sources.jar","javadocContainerUrl":"file:/C:/Users/ydc/.m2/repository/io/netty/netty-common/4.1.43.Final/netty-common-4.1.43.Final-javadoc.jar","isSystem":false,"isOwn":false,"isTest":false,"isJavaContent":false},{"kind":"binary","path":"C:\\Users\\ydc\\.m2\\repository\\io\\netty\\netty-handler\\4.1.43.Final\\netty-handler-4.1.43.Final.jar","sourceContainerUrl":"file:/C:/Users/ydc/.m2/repository/io/netty/netty-handler/4.1.43.Final/netty-handler-4.1.43.Final-sources.jar","javadocContainerUrl":"file:/C:/Users/ydc/.m2/repository/io/netty/netty-handler/4.1.43.Final/netty-handler-4.1.43.Final-javadoc.jar","isSystem":false,"isOwn":false,"isTest":false,"isJavaContent":false},{"kind":"binary","path":"C:\\Users\\ydc\\.m2\\repository\\io\\netty\\netty-buffer\\4.1.43.Final\\netty-buffer-4.1.43.Final.jar","sourceContainerUrl":"file:/C:/Users/ydc/.m2/repository/io/netty/netty-buffer/4.1.43.Final/netty-buffer-4.1.43.Final-sources.jar","javadocContainerUrl":"file:/C:/Users/ydc/.m2/repository/io/netty/netty-buffer/4.1.43.Final/netty-buffer-4.1.43.Final-javadoc.jar","isSystem":false,"isOwn":false,"isTest":false,"isJavaContent":false},{"kind":"binary","path":"C:\\Users\\ydc\\.m2\\repository\\io\\netty\\netty-codec\\4.1.43.Final\\netty-codec-4.1.43.Final.jar","sourceContainerUrl":"file:/C:/Users/ydc/.m2/repository/io/netty/netty-codec/4.1.43.Final/netty-codec-4.1.43.Final-sources.jar","javadocContainerUrl":"file:/C:/Users/ydc/.m2/repository/io/netty/netty-codec/4.1.43.Final/netty-codec-4.1.43.Final-javadoc.jar","isSystem":false,"isOwn":false,"isTest":false,"isJavaContent":false},{"kind":"binary","path":"C:\\Users\\ydc\\.m2\\repository\\io\\netty\\netty-transport\\4.1.43.Final\\netty-transport-4.1.43.Final.jar","sourceContainerUrl":"file:/C:/Users/ydc/.m2/repository/io/netty/netty-transport/4.1.43.Final/netty-transport-4.1.43.Final-sources.jar","javadocContainerUrl":"file:/C:/Users/ydc/.m2/repository/io/netty/netty-transport/4.1.43.Final/netty-transport-4.1.43.Final-javadoc.jar","isSystem":false,"isOwn":false,"isTest":false,"isJavaContent":false},{"kind":"binary","path":"C:\\Users\\ydc\\.m2\\repository\\io\\netty\\netty-resolver\\4.1.43.Final\\netty-resolver-4.1.43.Final.jar","sourceContainerUrl":"file:/C:/Users/ydc/.m2/repository/io/netty/netty-resolver/4.1.43.Final/netty-resolver-4.1.43.Final-sources.jar","javadocContainerUrl":"file:/C:/Users/ydc/.m2/repository/io/netty/netty-resolver/4.1.43.Final/netty-resolver-4.1.43.Final-javadoc.jar","isSystem":false,"isOwn":false,"isTest":false,"isJavaContent":false},{"kind":"binary","path":"C:\\Users\\ydc\\.m2\\repository\\io\\projectreactor\\reactor-core\\3.3.1.RELEASE\\reactor-core-3.3.1.RELEASE.jar","sourceContainerUrl":"file:/C:/Users/ydc/.m2/repository/io/projectreactor/reactor-core/3.3.1.RELEASE/reactor-core-3.3.1.RELEASE-sources.jar","javadocContainerUrl":"file:/C:/Users/ydc/.m2/repository/io/projectreactor/reactor-core/3.3.1.RELEASE/reactor-core-3.3.1.RELEASE-javadoc.jar","isSystem":false,"isOwn":false,"isTest":false,"isJavaContent":false},{"kind":"binary","path":"C:\\Users\\ydc\\.m2\\repository\\org\\reactivestreams\\reactive-streams\\1.0.3\\reactive-streams-1.0.3.jar","sourceContainerUrl":"file:/C:/Users/ydc/.m2/repository/org/reactivestreams/reactive-streams/1.0.3/reactive-streams-1.0.3-sources.jar","javadocContainerUrl":"file:/C:/Users/ydc/.m2/repository/org/reactivestreams/reactive-streams/1.0.3/reactive-streams-1.0.3-javadoc.jar","isSystem":false,"isOwn":false,"isTest":false,"isJavaContent":false},{"kind":"binary","path":"C:\\Users\\ydc\\.m2\\repository\\org\\springframework\\boot\\spring-boot-starter-json\\2.2.2.RELEASE\\spring-boot-starter-json-2.2.2.RELEASE.jar","sourceContainerUrl":"file:/C:/Users/ydc/.m2/repository/org/springframework/boot/spring-boot-starter-json/2.2.2.RELEASE/spring-boot-starter-json-2.2.2.RELEASE-sources.jar","isSystem":false,"isOwn":false,"isTest":false,"isJavaContent":false},{"kind":"binary","path":"C:\\Users\\ydc\\.m2\\repository\\com\\fasterxml\\jackson\\core\\jackson-databind\\2.10.1\\jackson-databind-2.10.1.jar","sourceContainerUrl":"file:/C:/Users/ydc/.m2/repository/com/fasterxml/jackson/core/jackson-databind/2.10.1/jackson-databind-2.10.1-sources.jar","javadocContainerUrl":"file:/C:/Users/ydc/.m2/repository/com/fasterxml/jackson/core/jackson-databind/2.10.1/jackson-databind-2.10.1-javadoc.jar","isSystem":false,"isOwn":false,"isTest":false,"isJavaContent":false},{"kind":"binary","path":"C:\\Users\\ydc\\.m2\\repository\\com\\fasterxml\\jackson\\core\\jackson-annotations\\2.10.1\\jackson-annotations-2.10.1.jar","sourceContainerUrl":"file:/C:/Users/ydc/.m2/repository/com/fasterxml/jackson/core/jackson-annotations/2.10.1/jackson-annotations-2.10.1-sources.jar","javadocContainerUrl":"file:/C:/Users/ydc/.m2/repository/com/fasterxml/jackson/core/jackson-annotations/2.10.1/jackson-annotations-2.10.1-javadoc.jar","isSystem":false,"isOwn":false,"isTest":false,"isJavaContent":false},{"kind":"binary","path":"C:\\Users\\ydc\\.m2\\repository\\com\\fasterxml\\jackson\\core\\jackson-core\\2.10.1\\jackson-core-2.10.1.jar","sourceContainerUrl":"file:/C:/Users/ydc/.m2/repository/com/fasterxml/jackson/core/jackson-core/2.10.1/jackson-core-2.10.1-sources.jar","javadocContainerUrl":"file:/C:/Users/ydc/.m2/repository/com/fasterxml/jackson/core/jackson-core/2.10.1/jackson-core-2.10.1-javadoc.jar","isSystem":false,"isOwn":false,"isTest":false,"isJavaContent":false},{"kind":"binary","path":"C:\\Users\\ydc\\.m2\\repository\\com\\fasterxml\\jackson\\datatype\\jackson-datatype-jdk8\\2.10.1\\jackson-datatype-jdk8-2.10.1.jar","sourceContainerUrl":"file:/C:/Users/ydc/.m2/repository/com/fasterxml/jackson/datatype/jackson-datatype-jdk8/2.10.1/jackson-datatype-jdk8-2.10.1-sources.jar","javadocContainerUrl":"file:/C:/Users/ydc/.m2/repository/com/fasterxml/jackson/datatype/jackson-datatype-jdk8/2.10.1/jackson-datatype-jdk8-2.10.1-javadoc.jar","isSystem":false,"isOwn":false,"isTest":false,"isJavaContent":false},{"kind":"binary","path":"C:\\Users\\ydc\\.m2\\repository\\com\\fasterxml\\jackson\\datatype\\jackson-datatype-jsr310\\2.10.1\\jackson-datatype-jsr310-2.10.1.jar","sourceContainerUrl":"file:/C:/Users/ydc/.m2/repository/com/fasterxml/jackson/datatype/jackson-datatype-jsr310/2.10.1/jackson-datatype-jsr310-2.10.1-sources.jar","javadocContainerUrl":"file:/C:/Users/ydc/.m2/repository/com/fasterxml/jackson/datatype/jackson-datatype-jsr310/2.10.1/jackson-datatype-jsr310-2.10.1-javadoc.jar","isSystem":false,"isOwn":false,"isTest":false,"isJavaContent":false},{"kind":"binary","path":"C:\\Users\\ydc\\.m2\\repository\\com\\fasterxml\\jackson\\module\\jackson-module-parameter-names\\2.10.1\\jackson-module-parameter-names-2.10.1.jar","sourceContainerUrl":"file:/C:/Users/ydc/.m2/repository/com/fasterxml/jackson/module/jackson-module-parameter-names/2.10.1/jackson-module-parameter-names-2.10.1-sources.jar","javadocContainerUrl":"file:/C:/Users/ydc/.m2/repository/com/fasterxml/jackson/module/jackson-module-parameter-names/2.10.1/jackson-module-parameter-names-2.10.1-javadoc.jar","isSystem":false,"isOwn":false,"isTest":false,"isJavaContent":false},{"kind":"binary","path":"C:\\Users\\ydc\\.m2\\repository\\org\\projectlombok\\lombok\\1.18.10\\lombok-1.18.10.jar","sourceContainerUrl":"file:/C:/Users/ydc/.m2/repository/org/projectlombok/lombok/1.18.10/lombok-1.18.10-sources.jar","javadocContainerUrl":"file:/C:/Users/ydc/.m2/repository/org/projectlombok/lombok/1.18.10/lombok-1.18.10-javadoc.jar","isSystem":false,"isOwn":false,"isTest":false,"isJavaContent":false},{"kind":"binary","path":"C:\\Users\\ydc\\.m2\\repository\\io\\springfox\\springfox-swagger2\\2.4.0\\springfox-swagger2-2.4.0.jar","sourceContainerUrl":"file:/C:/Users/ydc/.m2/repository/io/springfox/springfox-swagger2/2.4.0/springfox-swagger2-2.4.0-sources.jar","javadocContainerUrl":"file:/C:/Users/ydc/.m2/repository/io/springfox/springfox-swagger2/2.4.0/springfox-swagger2-2.4.0-javadoc.jar","isSystem":false,"isOwn":false,"isTest":false,"isJavaContent":false},{"kind":"binary","path":"C:\\Users\\ydc\\.m2\\repository\\io\\swagger\\swagger-annotations\\1.5.6\\swagger-annotations-1.5.6.jar","sourceContainerUrl":"file:/C:/Users/ydc/.m2/repository/io/swagger/swagger-annotations/1.5.6/swagger-annotations-1.5.6-sources.jar","javadocContainerUrl":"file:/C:/Users/ydc/.m2/repository/io/swagger/swagger-annotations/1.5.6/swagger-annotations-1.5.6-javadoc.jar","isSystem":false,"isOwn":false,"isTest":false,"isJavaContent":false},{"kind":"binary","path":"C:\\Users\\ydc\\.m2\\repository\\io\\swagger\\swagger-models\\1.5.6\\swagger-models-1.5.6.jar","sourceContainerUrl":"file:/C:/Users/ydc/.m2/repository/io/swagger/swagger-models/1.5.6/swagger-models-1.5.6-sources.jar","javadocContainerUrl":"file:/C:/Users/ydc/.m2/repository/io/swagger/swagger-models/1.5.6/swagger-models-1.5.6-javadoc.jar","isSystem":false,"isOwn":false,"isTest":false,"isJavaContent":false},{"kind":"binary","path":"C:\\Users\\ydc\\.m2\\repository\\io\\springfox\\springfox-spi\\2.4.0\\springfox-spi-2.4.0.jar","sourceContainerUrl":"file:/C:/Users/ydc/.m2/repository/io/springfox/springfox-spi/2.4.0/springfox-spi-2.4.0-sources.jar","javadocContainerUrl":"file:/C:/Users/ydc/.m2/repository/io/springfox/springfox-spi/2.4.0/springfox-spi-2.4.0-javadoc.jar","isSystem":false,"isOwn":false,"isTest":false,"isJavaContent":false},{"kind":"binary","path":"C:\\Users\\ydc\\.m2\\repository\\io\\springfox\\springfox-core\\2.4.0\\springfox-core-2.4.0.jar","sourceContainerUrl":"file:/C:/Users/ydc/.m2/repository/io/springfox/springfox-core/2.4.0/springfox-core-2.4.0-sources.jar","javadocContainerUrl":"file:/C:/Users/ydc/.m2/repository/io/springfox/springfox-core/2.4.0/springfox-core-2.4.0-javadoc.jar","isSystem":false,"isOwn":false,"isTest":false,"isJavaContent":false},{"kind":"binary","path":"C:\\Users\\ydc\\.m2\\repository\\io\\springfox\\springfox-schema\\2.4.0\\springfox-schema-2.4.0.jar","sourceContainerUrl":"file:/C:/Users/ydc/.m2/repository/io/springfox/springfox-schema/2.4.0/springfox-schema-2.4.0-sources.jar","javadocContainerUrl":"file:/C:/Users/ydc/.m2/repository/io/springfox/springfox-schema/2.4.0/springfox-schema-2.4.0-javadoc.jar","isSystem":false,"isOwn":false,"isTest":false,"isJavaContent":false},{"kind":"binary","path":"C:\\Users\\ydc\\.m2\\repository\\io\\springfox\\springfox-swagger-common\\2.4.0\\springfox-swagger-common-2.4.0.jar","sourceContainerUrl":"file:/C:/Users/ydc/.m2/repository/io/springfox/springfox-swagger-common/2.4.0/springfox-swagger-common-2.4.0-sources.jar","javadocContainerUrl":"file:/C:/Users/ydc/.m2/repository/io/springfox/springfox-swagger-common/2.4.0/springfox-swagger-common-2.4.0-javadoc.jar","isSystem":false,"isOwn":false,"isTest":false,"isJavaContent":false},{"kind":"binary","path":"C:\\Users\\ydc\\.m2\\repository\\io\\springfox\\springfox-spring-web\\2.4.0\\springfox-spring-web-2.4.0.jar","sourceContainerUrl":"file:/C:/Users/ydc/.m2/repository/io/springfox/springfox-spring-web/2.4.0/springfox-spring-web-2.4.0-sources.jar","javadocContainerUrl":"file:/C:/Users/ydc/.m2/repository/io/springfox/springfox-spring-web/2.4.0/springfox-spring-web-2.4.0-javadoc.jar","isSystem":false,"isOwn":false,"isTest":false,"isJavaContent":false},{"kind":"binary","path":"C:\\Users\\ydc\\.m2\\repository\\com\\google\\guava\\guava\\18.0\\guava-18.0.jar","sourceContainerUrl":"file:/C:/Users/ydc/.m2/repository/com/google/guava/guava/18.0/guava-18.0-sources.jar","javadocContainerUrl":"file:/C:/Users/ydc/.m2/repository/com/google/guava/guava/18.0/guava-18.0-javadoc.jar","isSystem":false,"isOwn":false,"isTest":false,"isJavaContent":false},{"kind":"binary","path":"C:\\Users\\ydc\\.m2\\repository\\org\\slf4j\\slf4j-api\\1.7.29\\slf4j-api-1.7.29.jar","sourceContainerUrl":"file:/C:/Users/ydc/.m2/repository/org/slf4j/slf4j-api/1.7.29/slf4j-api-1.7.29-sources.jar","javadocContainerUrl":"file:/C:/Users/ydc/.m2/repository/org/slf4j/slf4j-api/1.7.29/slf4j-api-1.7.29-javadoc.jar","isSystem":false,"isOwn":false,"isTest":false,"isJavaContent":false},{"kind":"binary","path":"C:\\Users\\ydc\\.m2\\repository\\org\\springframework\\plugin\\spring-plugin-core\\1.2.0.RELEASE\\spring-plugin-core-1.2.0.RELEASE.jar","sourceContainerUrl":"file:/C:/Users/ydc/.m2/repository/org/springframework/plugin/spring-plugin-core/1.2.0.RELEASE/spring-plugin-core-1.2.0.RELEASE-sources.jar","javadocContainerUrl":"file:/C:/Users/ydc/.m2/repository/org/springframework/plugin/spring-plugin-core/1.2.0.RELEASE/spring-plugin-core-1.2.0.RELEASE-javadoc.jar","isSystem":false,"isOwn":false,"isTest":false,"isJavaContent":false},{"kind":"binary","path":"C:\\Users\\ydc\\.m2\\repository\\org\\springframework\\plugin\\spring-plugin-metadata\\1.2.0.RELEASE\\spring-plugin-metadata-1.2.0.RELEASE.jar","sourceContainerUrl":"file:/C:/Users/ydc/.m2/repository/org/springframework/plugin/spring-plugin-metadata/1.2.0.RELEASE/spring-plugin-metadata-1.2.0.RELEASE-sources.jar","javadocContainerUrl":"file:/C:/Users/ydc/.m2/repository/org/springframework/plugin/spring-plugin-metadata/1.2.0.RELEASE/spring-plugin-metadata-1.2.0.RELEASE-javadoc.jar","isSystem":false,"isOwn":false,"isTest":false,"isJavaContent":false},{"kind":"binary","path":"C:\\Users\\ydc\\.m2\\repository\\io\\springfox\\springfox-swagger-ui\\2.4.0\\springfox-swagger-ui-2.4.0.jar","sourceContainerUrl":"file:/C:/Users/ydc/.m2/repository/io/springfox/springfox-swagger-ui/2.4.0/springfox-swagger-ui-2.4.0-sources.jar","javadocContainerUrl":"file:/C:/Users/ydc/.m2/repository/io/springfox/springfox-swagger-ui/2.4.0/springfox-swagger-ui-2.4.0-javadoc.jar","isSystem":false,"isOwn":false,"isTest":false,"isJavaContent":false},{"kind":"binary","path":"C:\\Users\\ydc\\.m2\\repository\\com\\baomidou\\mybatis-plus-boot-starter\\3.3.1\\mybatis-plus-boot-starter-3.3.1.jar","sourceContainerUrl":"file:/C:/Users/ydc/.m2/repository/com/baomidou/mybatis-plus-boot-starter/3.3.1/mybatis-plus-boot-starter-3.3.1-sources.jar","javadocContainerUrl":"file:/C:/Users/ydc/.m2/repository/com/baomidou/mybatis-plus-boot-starter/3.3.1/mybatis-plus-boot-starter-3.3.1-javadoc.jar","isSystem":false,"isOwn":false,"isTest":false,"isJavaContent":false},{"kind":"binary","path":"C:\\Users\\ydc\\.m2\\repository\\com\\baomidou\\mybatis-plus\\3.3.1\\mybatis-plus-3.3.1.jar","sourceContainerUrl":"file:/C:/Users/ydc/.m2/repository/com/baomidou/mybatis-plus/3.3.1/mybatis-plus-3.3.1-sources.jar","javadocContainerUrl":"file:/C:/Users/ydc/.m2/repository/com/baomidou/mybatis-plus/3.3.1/mybatis-plus-3.3.1-javadoc.jar","isSystem":false,"isOwn":false,"isTest":false,"isJavaContent":false},{"kind":"binary","path":"C:\\Users\\ydc\\.m2\\repository\\com\\baomidou\\mybatis-plus-extension\\3.3.1\\mybatis-plus-extension-3.3.1.jar","sourceContainerUrl":"file:/C:/Users/ydc/.m2/repository/com/baomidou/mybatis-plus-extension/3.3.1/mybatis-plus-extension-3.3.1-sources.jar","javadocContainerUrl":"file:/C:/Users/ydc/.m2/repository/com/baomidou/mybatis-plus-extension/3.3.1/mybatis-plus-extension-3.3.1-javadoc.jar","isSystem":false,"isOwn":false,"isTest":false,"isJavaContent":false},{"kind":"binary","path":"C:\\Users\\ydc\\.m2\\repository\\com\\baomidou\\mybatis-plus-core\\3.3.1\\mybatis-plus-core-3.3.1.jar","sourceContainerUrl":"file:/C:/Users/ydc/.m2/repository/com/baomidou/mybatis-plus-core/3.3.1/mybatis-plus-core-3.3.1-sources.jar","javadocContainerUrl":"file:/C:/Users/ydc/.m2/repository/com/baomidou/mybatis-plus-core/3.3.1/mybatis-plus-core-3.3.1-javadoc.jar","isSystem":false,"isOwn":false,"isTest":false,"isJavaContent":false},{"kind":"binary","path":"C:\\Users\\ydc\\.m2\\repository\\com\\baomidou\\mybatis-plus-annotation\\3.3.1\\mybatis-plus-annotation-3.3.1.jar","sourceContainerUrl":"file:/C:/Users/ydc/.m2/repository/com/baomidou/mybatis-plus-annotation/3.3.1/mybatis-plus-annotation-3.3.1-sources.jar","javadocContainerUrl":"file:/C:/Users/ydc/.m2/repository/com/baomidou/mybatis-plus-annotation/3.3.1/mybatis-plus-annotation-3.3.1-javadoc.jar","isSystem":false,"isOwn":false,"isTest":false,"isJavaContent":false},{"kind":"binary","path":"C:\\Users\\ydc\\.m2\\repository\\com\\github\\jsqlparser\\jsqlparser\\3.1\\jsqlparser-3.1.jar","sourceContainerUrl":"file:/C:/Users/ydc/.m2/repository/com/github/jsqlparser/jsqlparser/3.1/jsqlparser-3.1-sources.jar","javadocContainerUrl":"file:/C:/Users/ydc/.m2/repository/com/github/jsqlparser/jsqlparser/3.1/jsqlparser-3.1-javadoc.jar","isSystem":false,"isOwn":false,"isTest":false,"isJavaContent":false},{"kind":"binary","path":"C:\\Users\\ydc\\.m2\\repository\\org\\mybatis\\mybatis\\3.5.3\\mybatis-3.5.3.jar","sourceContainerUrl":"file:/C:/Users/ydc/.m2/repository/org/mybatis/mybatis/3.5.3/mybatis-3.5.3-sources.jar","javadocContainerUrl":"file:/C:/Users/ydc/.m2/repository/org/mybatis/mybatis/3.5.3/mybatis-3.5.3-javadoc.jar","isSystem":false,"isOwn":false,"isTest":false,"isJavaContent":false},{"kind":"binary","path":"C:\\Users\\ydc\\.m2\\repository\\org\\mybatis\\mybatis-spring\\2.0.3\\mybatis-spring-2.0.3.jar","sourceContainerUrl":"file:/C:/Users/ydc/.m2/repository/org/mybatis/mybatis-spring/2.0.3/mybatis-spring-2.0.3-sources.jar","javadocContainerUrl":"file:/C:/Users/ydc/.m2/repository/org/mybatis/mybatis-spring/2.0.3/mybatis-spring-2.0.3-javadoc.jar","isSystem":false,"isOwn":false,"isTest":false,"isJavaContent":false},{"kind":"binary","path":"C:\\Users\\ydc\\.m2\\repository\\org\\springframework\\boot\\spring-boot-autoconfigure\\2.2.2.RELEASE\\spring-boot-autoconfigure-2.2.2.RELEASE.jar","sourceContainerUrl":"file:/C:/Users/ydc/.m2/repository/org/springframework/boot/spring-boot-autoconfigure/2.2.2.RELEASE/spring-boot-autoconfigure-2.2.2.RELEASE-sources.jar","javadocContainerUrl":"file:/C:/Users/ydc/.m2/repository/org/springframework/boot/spring-boot-autoconfigure/2.2.2.RELEASE/spring-boot-autoconfigure-2.2.2.RELEASE-javadoc.jar","isSystem":false,"isOwn":false,"isTest":false,"isJavaContent":false},{"kind":"binary","path":"C:\\Users\\ydc\\.m2\\repository\\org\\springframework\\boot\\spring-boot-starter-jdbc\\2.2.2.RELEASE\\spring-boot-starter-jdbc-2.2.2.RELEASE.jar","sourceContainerUrl":"file:/C:/Users/ydc/.m2/repository/org/springframework/boot/spring-boot-starter-jdbc/2.2.2.RELEASE/spring-boot-starter-jdbc-2.2.2.RELEASE-sources.jar","isSystem":false,"isOwn":false,"isTest":false,"isJavaContent":false},{"kind":"binary","path":"C:\\Users\\ydc\\.m2\\repository\\com\\zaxxer\\HikariCP\\3.4.1\\HikariCP-3.4.1.jar","sourceContainerUrl":"file:/C:/Users/ydc/.m2/repository/com/zaxxer/HikariCP/3.4.1/HikariCP-3.4.1-sources.jar","javadocContainerUrl":"file:/C:/Users/ydc/.m2/repository/com/zaxxer/HikariCP/3.4.1/HikariCP-3.4.1-javadoc.jar","isSystem":false,"isOwn":false,"isTest":false,"isJavaContent":false},{"kind":"binary","path":"C:\\Users\\ydc\\.m2\\repository\\org\\springframework\\spring-jdbc\\5.2.2.RELEASE\\spring-jdbc-5.2.2.RELEASE.jar","sourceContainerUrl":"file:/C:/Users/ydc/.m2/repository/org/springframework/spring-jdbc/5.2.2.RELEASE/spring-jdbc-5.2.2.RELEASE-sources.jar","javadocContainerUrl":"file:/C:/Users/ydc/.m2/repository/org/springframework/spring-jdbc/5.2.2.RELEASE/spring-jdbc-5.2.2.RELEASE-javadoc.jar","isSystem":false,"isOwn":false,"isTest":false,"isJavaContent":false},{"kind":"source","path":"C:\\Users\\ydc\\Desktop\\api\\src\\main\\java","outputFolder":"C:\\Users\\ydc\\Desktop\\api\\target\\classes","javadocContainerUrl":"file:/C:/Users/ydc/Desktop/api/target/site/apidocs","isSystem":false,"isOwn":true,"isTest":false,"isJavaContent":true},{"kind":"source","path":"C:\\Users\\ydc\\Desktop\\api\\src\\main\\java","outputFolder":"C:\\Users\\ydc\\Desktop\\api\\target\\classes","isSystem":false,"isOwn":true,"isTest":false,"isJavaContent":false},{"kind":"source","path":"C:\\Users\\ydc\\Desktop\\api\\src\\main\\resources","outputFolder":"C:\\Users\\ydc\\Desktop\\api\\target\\classes","isSystem":false,"isOwn":true,"isTest":false,"isJavaContent":false},{"kind":"source","path":"C:\\Users\\ydc\\Desktop\\api\\src\\test\\resources","outputFolder":"C:\\Users\\ydc\\Desktop\\api\\target\\test-classes","isSystem":false,"isOwn":true,"isTest":true,"isJavaContent":false},{"kind":"source","path":"C:\\Users\\ydc\\Desktop\\api\\src\\test\\java","outputFolder":"C:\\Users\\ydc\\Desktop\\api\\target\\test-classes","javadocContainerUrl":"file:/C:/Users/ydc/Desktop/api/target/site/apidocs","isSystem":false,"isOwn":true,"isTest":false,"isJavaContent":false}]}