<?xml version="1.0" encoding="UTF-8" ?>
<!DOCTYPE configuration>
<configuration debug="false" scan="false">
    <contextName>gdcdgj-charging-interface</contextName>

    <Property name="log.base" value="logs"/>
    <Property name="log.name" value="gateway"/>
    <Property name="log.level" value="INFO"/>

    <appender name="STDOUT" class="ch.qos.logback.core.ConsoleAppender">
        <encoder class="ch.qos.logback.classic.encoder.PatternLayoutEncoder">
            <pattern>%d{yyyy-MM-dd HH:mm:ss.SSS} %-5level %C{1} [%M:%L] [%thread] - %msg%n</pattern>
            <pattern>%d{yyyy-MM-dd HH:mm:ss.SSS} [%thread] %-5level %C{1} [%M:%L] - %msg%n</pattern>
            <charset>UTF-8</charset>
        </encoder>
    </appender>


    <appender name="FILE" class="ch.qos.logback.core.rolling.RollingFileAppender">
        <File>${log.base}/${log.name}.out</File>
        <!-- 满60MB 自动清空重新追加 -->
        <append>false</append>
        <rollingPolicy class="ch.qos.logback.core.rolling.SizeAndTimeBasedRollingPolicy">
            <fileNamePattern>${log.base}/${log.name}.out.%d{yyyy-MM-dd}.%i</fileNamePattern>
            <!-- 每天最多60M log文件 -->
            <maxFileSize>60MB</maxFileSize>
            <!-- 日志存最近三天 -->
            <maxHistory>3</maxHistory>
            <totalSizeCap>181MB</totalSizeCap>
        </rollingPolicy>
        <encoder class="ch.qos.logback.classic.encoder.PatternLayoutEncoder">
            <pattern>%d{yyyy-MM-dd HH:mm:ss.SSS} [%thread] %-5level %C{1} [%M:%L] - %msg%n</pattern>
            <charset>UTF-8</charset>
        </encoder>
    </appender>


    <appender name="ASYNC" class="ch.qos.logback.classic.AsyncAppender">
        <discardingThreshold>0</discardingThreshold>
        <queueSize>512</queueSize>
        <appender-ref ref="FILE"/>
    </appender>

    <root level="${log.level}">
        <appender-ref ref="STDOUT"/>
        <appender-ref ref="ASYNC"/>
    </root>
</configuration>
